Number of header lines:,12
Experiment,"SYNTHETIC PhenoTyper home-cage trial (schema-faithful mock, no real animals)"
Trial name,Trial     1
Trial ID,1
Arena name,Arena 1
Subject,mouse-1
Start time,02/06/2026 18:00:00
Sample rate,25.00
Video file,Trial1_Arena1.mpg
Tracking source,PhenoTyper top unit IR camera
Missing values,-
Trial time,Recording time,X center,Y center,Area,Distance moved,Velocity,In zone(Shelter / center-point),Movement(Moving / center-point)
s,s,cm,cm,cm2,cm,cm/s,-,-
0.00,0.00,15.183,15.028,6.59,0.185,4.637,0,1
0.04,0.04,15.343,15.264,6.63,0.285,7.123,0,1
0.08,0.08,15.781,15.574,5.54,0.537,13.426,0,1
0.12,0.12,15.728,15.696,6.44,0.133,3.332,0,1
0.16,0.16,15.453,16.182,7.05,0.558,13.956,0,1
0.20,0.20,15.709,16.218,7.42,0.259,6.482,0,1
0.24,0.24,16.209,16.097,7.48,0.514,12.851,0,1
0.28,0.28,16.180,16.013,6.96,0.089,2.220,0,1
0.32,0.32,16.340,15.934,6.13,0.178,4.462,0,1
0.36,0.36,15.874,16.152,6.25,0.514,12.858,0,1
0.40,0.40,16.207,16.482,7.19,0.469,11.717,0,1
0.44,0.44,16.106,16.474,6.77,0.101,2.516,0,1
0.48,0.48,16.249,16.949,5.79,0.496,12.412,0,1
0.52,0.52,16.582,16.772,5.92,0.377,9.419,0,1
0.56,0.56,16.646,16.566,6.62,0.216,5.398,0,1
0.60,0.60,16.308,16.769,6.92,0.393,9.835,0,1
0.64,0.64,16.699,16.683,6.96,0.399,9.985,0,1
0.68,0.68,16.753,16.995,6.34,0.316,7.901,0,1
0.72,0.72,16.621,16.967,5.81,0.135,3.367,0,1
0.76,0.76,16.607,17.062,6.16,0.096,2.410,0,1
0.80,0.80,16.492,17.537,6.32,0.488,12.208,0,1
0.84,0.84,16.314,17.844,7.05,0.355,8.870,0,1
0.88,0.88,16.608,17.364,5.63,0.563,14.071,0,1
0.92,0.92,16.483,17.689,6.52,0.348,8.708,0,1
0.96,0.96,16.447,17.634,6.69,0.065,1.631,0,0
1.00,1.00,16.298,17.865,6.24,0.275,6.865,0,1
1.04,1.04,15.917,18.017,6.31,0.411,10.264,0,1
1.08,1.08,15.952,17.860,6.35,0.161,4.024,0,1
1.12,1.12,15.826,18.367,6.55,0.523,13.064,0,1
1.16,1.16,16.368,18.568,5.88,0.578,14.439,0,1
1.20,1.20,16.655,18.360,5.86,0.354,8.856,0,1
1.24,1.24,16.369,18.647,7.01,0.405,10.132,0,1
1.28,1.28,16.790,18.632,7.29,0.421,10.528,0,1
1.32,1.32,17.290,18.815,5.64,0.532,13.310,0,1
1.36,1.36,17.234,18.351,5.81,0.467,11.684,0,1
1.40,1.40,17.185,18.321,5.52,0.058,1.439,0,0
1.44,1.44,17.267,18.286,6.86,0.089,2.228,0,1
1.48,1.48,17.653,18.097,7.47,0.430,10.747,0,1
1.52,1.52,17.637,18.048,7.10,0.051,1.277,0,0
1.56,1.56,17.776,18.217,6.86,0.218,5.459,0,1
1.60,1.60,17.971,18.002,5.84,0.291,7.268,0,1
1.64,1.64,17.930,17.639,7.16,0.365,9.131,0,1
1.68,1.68,17.728,17.596,7.02,0.206,5.155,0,1
1.72,1.72,17.612,17.697,6.79,0.154,3.862,0,1
1.76,1.76,17.772,17.585,5.81,0.195,4.878,0,1
1.80,1.80,18.100,17.252,7.21,0.468,11.711,0,1
1.84,1.84,17.726,17.372,6.62,0.393,9.836,0,1
1.88,1.88,17.741,17.371,6.20,0.015,0.382,0,0
1.92,1.92,18.109,17.526,7.18,0.399,9.983,0,1
1.96,1.96,17.959,17.837,6.61,0.346,8.644,0,1
2.00,2.00,18.291,18.175,7.00,0.474,11.845,0,1
2.04,2.04,18.030,17.732,7.12,0.514,12.843,0,1
2.08,2.08,18.076,18.295,6.60,0.565,14.123,0,1
2.12,2.12,18.503,18.520,6.65,0.483,12.077,0,1
2.16,2.16,18.017,18.226,6.50,0.568,14.197,0,1
2.20,2.20,17.752,17.973,6.69,0.366,9.159,0,1
2.24,2.24,17.410,18.208,6.51,0.414,10.358,0,1
2.28,2.28,17.215,18.256,6.83,0.202,5.040,0,1
2.32,2.32,17.384,18.645,6.98,0.424,10.601,0,1
2.36,2.36,17.679,18.706,7.03,0.301,7.529,0,1
2.40,2.40,17.269,18.641,6.64,0.415,10.377,0,1
2.44,2.44,17.352,18.606,6.37,0.091,2.267,0,1
2.48,2.48,16.863,18.745,7.18,0.508,12.703,0,1
2.52,2.52,16.772,18.737,6.27,0.092,2.296,0,1
2.56,2.56,17.082,18.685,6.87,0.315,7.869,0,1
2.60,2.60,17.042,18.675,5.77,0.041,1.035,0,0
2.64,2.64,17.165,18.553,6.90,0.173,4.332,0,1
2.68,2.68,17.182,18.382,6.34,0.172,4.297,0,1
2.72,2.72,17.146,18.049,7.49,0.334,8.356,0,1
2.76,2.76,16.995,18.271,7.11,0.268,6.695,0,1
2.80,2.80,17.167,18.046,6.10,0.283,7.084,0,1
2.84,2.84,17.206,18.011,6.26,0.053,1.314,0,0
2.88,2.88,17.625,17.976,6.75,0.421,10.514,0,1
2.92,2.92,17.678,17.406,5.99,0.573,14.316,0,1
2.96,2.96,17.243,17.393,7.15,0.435,10.877,0,1
3.00,3.00,17.395,16.984,6.87,0.436,10.897,0,1
3.04,3.04,17.167,17.529,5.91,0.591,14.766,0,1
3.08,3.08,16.970,17.286,6.09,0.313,7.813,0,1
3.12,3.12,16.820,17.476,6.09,0.242,6.058,0,1
3.16,3.16,16.985,17.763,7.02,0.332,8.291,0,1
3.20,3.20,16.707,17.237,6.30,0.596,14.888,0,1
3.24,3.24,16.538,17.393,7.32,0.230,5.758,0,1
3.28,3.28,16.383,17.769,6.35,0.406,10.156,0,1
3.32,3.32,16.468,18.053,6.23,0.298,7.438,0,1
3.36,3.36,16.485,18.237,6.13,0.184,4.605,0,1
3.40,3.40,16.919,18.548,5.84,0.534,13.343,0,1
3.44,3.44,16.878,18.390,6.10,0.163,4.073,0,1
3.48,3.48,16.820,18.375,5.55,0.060,1.505,0,0
3.52,3.52,16.614,18.756,7.46,0.433,10.826,0,1
3.56,3.56,16.976,18.685,7.46,0.369,9.231,0,1
3.60,3.60,17.195,18.433,6.20,0.334,8.352,0,1
3.64,3.64,17.659,18.492,6.98,0.467,11.676,0,1
3.68,3.68,17.779,19.036,7.41,0.557,13.928,0,1
3.72,3.72,18.042,18.903,7.20,0.295,7.364,0,1
3.76,3.76,18.406,18.578,5.50,0.488,12.193,0,1
3.80,3.80,18.081,18.965,7.33,0.505,12.624,0,1
3.84,3.84,17.846,18.957,5.54,0.235,5.873,0,1
3.88,3.88,17.465,19.336,6.48,0.538,13.450,0,1
3.92,3.92,17.176,19.302,7.17,0.290,7.262,0,1
3.96,3.96,16.849,19.157,5.53,0.358,8.955,0,1
4.00,4.00,17.237,18.790,7.05,0.534,13.356,0,1
4.04,4.04,17.463,18.438,6.02,0.418,10.458,0,1
4.08,4.08,17.472,18.434,6.56,0.010,0.258,0,0
4.12,4.12,17.482,18.460,7.27,0.028,0.705,0,0
4.16,4.16,17.650,18.201,6.80,0.308,7.701,0,1
4.20,4.20,17.290,17.986,5.83,0.419,10.481,0,1
4.24,4.24,17.595,18.009,7.46,0.306,7.647,0,1
4.28,4.28,17.447,17.491,5.69,0.539,13.469,0,1
4.32,4.32,17.500,17.439,6.09,0.074,1.855,0,0
4.36,4.36,17.668,17.401,5.68,0.172,4.303,0,1
4.40,4.40,17.676,17.384,7.41,0.019,0.463,0,0
4.44,4.44,17.467,17.450,7.18,0.219,5.485,0,1
4.48,4.48,17.615,17.380,5.95,0.163,4.084,0,1
4.52,4.52,17.449,17.426,5.53,0.171,4.287,0,1
4.56,4.56,17.435,17.399,6.20,0.031,0.765,0,0
4.60,4.60,17.267,17.485,6.85,0.189,4.719,0,1
4.64,4.64,17.203,17.533,7.06,0.079,1.984,0,0
4.68,4.68,17.202,17.490,5.73,0.043,1.076,0,0
4.72,4.72,17.064,17.661,7.03,0.220,5.499,0,1
4.76,4.76,16.733,17.666,6.15,0.331,8.270,0,1
4.80,4.80,17.195,17.794,6.50,0.479,11.976,0,1
4.84,4.84,17.369,17.979,5.55,0.254,6.343,0,1
4.88,4.88,17.266,18.011,5.63,0.108,2.688,0,1
4.92,4.92,17.155,18.149,6.34,0.177,4.425,0,1
4.96,4.96,17.223,18.200,5.72,0.085,2.113,0,1
5.00,5.00,17.609,17.748,5.86,0.594,14.850,0,1
5.04,5.04,17.770,17.791,5.77,0.168,4.192,0,1
5.08,5.08,17.829,17.602,6.20,0.198,4.953,0,1
5.12,5.12,18.027,17.052,6.18,0.584,14.599,0,1
5.16,5.16,18.032,17.064,6.56,0.013,0.315,0,0
5.20,5.20,18.283,17.271,6.17,0.326,8.144,0,1
5.24,5.24,17.854,17.332,7.29,0.434,10.838,0,1
5.28,5.28,17.831,17.330,6.12,0.023,0.568,0,0
5.32,5.32,17.611,17.191,6.70,0.261,6.514,0,1
5.36,5.36,17.378,17.679,5.76,0.541,13.521,0,1
5.40,5.40,17.657,17.520,7.47,0.321,8.031,0,1
5.44,5.44,17.260,17.633,7.04,0.413,10.315,0,1
5.48,5.48,17.404,17.908,6.75,0.310,7.743,0,1
5.52,5.52,17.127,17.877,6.57,0.278,6.961,0,1
5.56,5.56,17.314,17.628,6.98,0.311,7.778,0,1
5.60,5.60,17.626,17.760,7.09,0.339,8.483,0,1
5.64,5.64,17.557,17.854,6.41,0.117,2.919,0,1
5.68,5.68,17.506,17.797,6.25,0.077,1.923,0,0
5.72,5.72,18.020,18.012,5.86,0.558,13.940,0,1
5.76,5.76,17.506,18.249,6.24,0.566,14.154,0,1
5.80,5.80,17.578,18.655,6.61,0.413,10.317,0,1
5.84,5.84,17.934,18.291,5.82,0.509,12.732,0,1
5.88,5.88,18.192,18.286,5.75,0.257,6.435,0,1
5.92,5.92,18.762,18.300,6.07,0.570,14.254,0,1
5.96,5.96,18.670,18.220,7.27,0.122,3.041,0,1
6.00,6.00,18.691,18.428,5.96,0.209,5.216,0,1
6.04,6.04,19.068,18.201,5.79,0.440,10.995,0,1
6.08,6.08,19.215,18.255,7.35,0.156,3.897,0,1
6.12,6.12,19.552,18.076,7.33,0.382,9.539,0,1
6.16,6.16,19.561,18.063,6.27,0.016,0.408,0,0
6.20,6.20,19.669,18.028,5.53,0.113,2.836,0,1
6.24,6.24,19.658,18.001,6.04,0.029,0.726,0,0
6.28,6.28,19.791,17.468,7.15,0.549,13.730,0,1
6.32,6.32,19.533,17.084,6.49,0.463,11.565,0,1
6.36,6.36,19.381,16.901,5.77,0.238,5.939,0,1
6.40,6.40,19.324,16.835,5.82,0.087,2.177,0,1
6.44,6.44,19.344,17.230,6.08,0.395,9.881,0,1
6.48,6.48,19.586,17.451,5.75,0.328,8.193,0,1
6.52,6.52,20.165,17.414,7.11,0.581,14.517,0,1
6.56,6.56,20.503,17.108,6.09,0.456,11.394,0,1
6.60,6.60,20.140,16.864,6.98,0.437,10.936,0,1
6.64,6.64,20.342,16.627,6.45,0.312,7.797,0,1
6.68,6.68,20.348,16.583,5.64,0.044,1.110,0,0
6.72,6.72,20.517,16.646,6.18,0.180,4.502,0,1
6.76,6.76,20.521,16.875,6.29,0.229,5.720,0,1
6.80,6.80,20.070,17.196,7.26,0.554,13.861,0,1
6.84,6.84,20.310,16.974,7.36,0.327,8.172,0,1
6.88,6.88,20.413,17.197,5.75,0.245,6.130,0,1
6.92,6.92,20.417,17.178,7.01,0.020,0.488,0,0
6.96,6.96,20.265,16.770,6.37,0.436,10.896,0,1
7.00,7.00,20.758,16.678,6.92,0.501,12.535,0,1
7.04,7.04,21.020,16.852,5.96,0.314,7.855,0,1
7.08,7.08,21.099,16.950,5.91,0.127,3.166,0,1
7.12,7.12,20.845,17.148,6.54,0.322,8.042,0,1
7.16,7.16,21.045,17.374,5.88,0.302,7.556,0,1
7.20,7.20,21.263,17.867,6.43,0.538,13.454,0,1
7.24,7.24,21.630,18.279,5.96,0.553,13.817,0,1
7.28,7.28,21.693,18.425,6.98,0.159,3.975,0,1
7.32,7.32,21.537,17.880,6.25,0.567,14.187,0,1
7.36,7.36,21.582,17.303,7.23,0.578,14.453,0,1
7.40,7.40,21.650,17.672,6.76,0.375,9.372,0,1
7.44,7.44,21.798,17.641,6.93,0.151,3.778,0,1
7.48,7.48,22.045,17.581,5.87,0.254,6.356,0,1
7.52,7.52,22.002,17.797,6.55,0.221,5.520,0,1
7.56,7.56,21.875,17.442,6.41,0.377,9.425,0,1
7.60,7.60,21.878,17.496,7.38,0.054,1.353,0,0
7.64,7.64,21.661,17.472,5.53,0.218,5.443,0,1
7.68,7.68,21.955,17.718,6.14,0.384,9.588,0,1
7.72,7.72,21.712,17.282,5.60,0.499,12.479,0,1
7.76,7.76,21.907,17.488,6.60,0.284,7.100,0,1
7.80,7.80,21.794,17.105,5.99,0.400,9.995,0,1
7.84,7.84,21.535,17.577,5.80,0.538,13.450,0,1
7.88,7.88,21.788,17.212,7.18,0.443,11.080,0,1
7.92,7.92,21.289,16.904,7.14,0.586,14.646,0,1
7.96,7.96,21.378,16.583,6.90,0.333,8.335,0,1
8.00,8.00,21.257,16.894,6.10,0.334,8.344,0,1
8.04,8.04,21.224,17.057,7.02,0.167,4.168,0,1
8.08,8.08,21.093,16.887,6.08,0.215,5.369,0,1
8.12,8.12,21.111,17.079,6.78,0.193,4.826,0,1
8.16,8.16,20.763,17.337,7.47,0.433,10.827,0,1
8.20,8.20,20.830,17.316,5.81,0.070,1.754,0,0
8.24,8.24,21.160,17.812,7.38,0.596,14.898,0,1
8.28,8.28,20.692,17.602,5.93,0.513,12.836,0,1
8.32,8.32,20.646,17.582,6.56,0.050,1.242,0,0
8.36,8.36,20.311,17.601,6.69,0.336,8.400,0,1
8.40,8.40,20.245,17.543,7.48,0.088,2.192,0,1
8.44,8.44,20.194,17.138,6.30,0.408,10.188,0,1
8.48,8.48,20.509,17.462,6.39,0.451,11.284,0,1
8.52,8.52,20.243,17.842,6.48,0.463,11.587,0,1
8.56,8.56,20.249,17.825,5.78,0.018,0.444,0,0
8.60,8.60,19.672,17.960,7.16,0.593,14.814,0,1
8.64,8.64,19.633,17.619,5.86,0.343,8.586,0,1
8.68,8.68,19.900,17.939,6.06,0.417,10.418,0,1
8.72,8.72,19.554,17.924,6.09,0.346,8.643,0,1
8.76,8.76,19.060,18.094,5.99,0.522,13.058,0,1
8.80,8.80,18.907,17.954,5.53,0.208,5.200,0,1
8.84,8.84,19.178,18.200,6.60,0.367,9.167,0,1
8.88,8.88,19.200,18.135,6.03,0.069,1.735,0,0
8.92,8.92,19.167,18.013,5.50,0.126,3.157,0,1
8.96,8.96,19.160,18.040,6.82,0.028,0.696,0,0
9.00,9.00,19.622,18.329,7.23,0.545,13.627,0,1
9.04,9.04,19.274,18.814,7.31,0.597,14.925,0,1
9.08,9.08,19.542,19.008,6.21,0.331,8.274,0,1
9.12,9.12,19.460,19.018,5.78,0.083,2.068,0,1
9.16,9.16,19.629,19.429,6.02,0.445,11.116,0,1
9.20,9.20,19.831,19.180,7.45,0.320,7.990,0,1
9.24,9.24,19.829,19.184,6.91,0.004,0.097,0,0
9.28,9.28,20.079,18.729,6.39,0.519,12.976,0,1
9.32,9.32,19.810,18.660,6.48,0.277,6.937,0,1
9.36,9.36,19.708,18.502,6.41,0.188,4.697,0,1
9.40,9.40,19.351,18.450,6.82,0.361,9.035,0,1
9.44,9.44,19.320,18.458,6.91,0.032,0.797,0,0
9.48,9.48,19.132,18.007,6.33,0.489,12.218,0,1
9.52,9.52,19.166,18.017,6.55,0.035,0.885,0,0
9.56,9.56,18.882,17.699,6.55,0.426,10.658,0,1
9.60,9.60,18.518,17.506,6.56,0.412,10.306,0,1
9.64,9.64,19.094,17.466,6.83,0.578,14.438,0,1
9.68,9.68,19.037,17.261,7.08,0.213,5.315,0,1
9.72,9.72,19.377,17.168,6.92,0.352,8.796,0,1
9.76,9.76,19.011,17.139,7.35,0.367,9.180,0,1
9.80,9.80,19.155,17.050,5.57,0.170,4.238,0,1
9.84,9.84,19.298,17.591,6.67,0.560,13.991,0,1
9.88,9.88,19.065,17.114,5.61,0.531,13.267,0,1
9.92,9.92,19.401,17.410,6.25,0.448,11.196,0,1
9.96,9.96,19.161,17.820,5.53,0.476,11.892,0,1
10.00,10.00,19.201,17.949,5.61,0.135,3.379,0,1
10.04,10.04,19.179,17.891,6.74,0.063,1.569,0,0
10.08,10.08,19.044,18.024,6.08,0.189,4.737,0,1
10.12,10.12,19.100,17.973,5.87,0.076,1.893,0,0
10.16,10.16,18.853,18.147,5.92,0.302,7.556,0,1
10.20,10.20,19.353,17.978,6.65,0.528,13.201,0,1
10.24,10.24,19.163,18.169,7.06,0.270,6.739,0,1
10.28,10.28,19.295,18.166,6.44,0.132,3.290,0,1
10.32,10.32,19.593,18.270,6.09,0.316,7.907,0,1
10.36,10.36,19.834,18.800,5.58,0.582,14.551,0,1
10.40,10.40,19.734,18.667,6.45,0.167,4.169,0,1
10.44,10.44,19.624,18.797,6.33,0.171,4.272,0,1
10.48,10.48,19.582,19.096,6.56,0.302,7.554,0,1
10.52,10.52,19.938,19.323,6.14,0.422,10.548,0,1
10.56,10.56,19.938,19.339,6.53,0.016,0.409,0,0
10.60,10.60,19.746,19.203,5.85,0.236,5.892,0,1
10.64,10.64,19.700,19.169,6.05,0.057,1.425,0,0
10.68,10.68,19.262,19.155,7.46,0.438,10.959,0,1
10.72,10.72,18.829,19.354,7.35,0.476,11.902,0,1
10.76,10.76,18.752,19.256,6.50,0.125,3.122,0,1
10.80,10.80,18.981,19.063,7.33,0.299,7.473,0,1
10.84,10.84,18.869,19.117,5.87,0.124,3.104,0,1
10.88,10.88,18.834,18.864,6.95,0.256,6.389,0,1
10.92,10.92,18.587,19.105,6.43,0.345,8.636,0,1
10.96,10.96,18.498,18.973,6.36,0.159,3.987,0,1
11.00,11.00,18.466,19.069,6.54,0.101,2.537,0,1
11.04,11.04,18.057,19.480,6.83,0.580,14.511,0,1
11.08,11.08,17.786,19.526,7.28,0.275,6.868,0,1
11.12,11.12,17.557,19.480,6.36,0.233,5.832,0,1
11.16,11.16,17.686,19.433,7.20,0.137,3.436,0,1
11.20,11.20,17.555,19.265,6.80,0.214,5.338,0,1
11.24,11.24,17.518,18.971,7.06,0.296,7.412,0,1
11.28,11.28,17.520,18.906,6.65,0.065,1.628,0,0
11.32,11.32,17.271,18.446,5.97,0.523,13.063,0,1
11.36,11.36,17.048,18.699,7.07,0.337,8.424,0,1
11.40,11.40,17.300,19.119,7.32,0.490,12.245,0,1
11.44,11.44,17.302,19.124,6.46,0.005,0.136,0,0
11.48,11.48,16.752,18.891,6.66,0.597,14.928,0,1
11.52,11.52,16.678,19.257,6.48,0.374,9.345,0,1
11.56,11.56,16.763,19.232,6.05,0.089,2.227,0,1
11.60,11.60,16.872,19.179,6.55,0.121,3.019,0,1
11.64,11.64,16.989,18.971,6.03,0.239,5.971,0,1
11.68,11.68,16.938,18.906,7.01,0.083,2.076,0,1
11.72,11.72,17.288,18.595,5.98,0.468,11.696,0,1
11.76,11.76,17.460,18.251,7.09,0.385,9.620,0,1
11.80,11.80,17.593,18.320,7.45,0.149,3.734,0,1
11.84,11.84,17.581,18.247,7.10,0.074,1.850,0,0
11.88,11.88,18.096,18.471,6.73,0.562,14.050,0,1
11.92,11.92,17.833,18.375,6.50,0.280,6.993,0,1
11.96,11.96,17.805,18.374,7.50,0.028,0.700,0,0
12.00,12.00,18.292,18.074,7.42,0.572,14.297,0,1
12.04,12.04,18.364,18.207,7.45,0.151,3.774,0,1
12.08,12.08,18.337,18.372,7.27,0.167,4.183,0,1
12.12,12.12,18.086,18.476,5.64,0.271,6.781,0,1
12.16,12.16,17.912,18.177,6.51,0.346,8.657,0,1
12.20,12.20,17.555,17.911,5.81,0.445,11.120,0,1
12.24,12.24,17.170,18.120,6.32,0.438,10.943,0,1
12.28,12.28,16.911,18.432,6.33,0.405,10.135,0,1
12.32,12.32,17.123,18.895,7.12,0.510,12.740,0,1
12.36,12.36,17.584,19.188,7.01,0.546,13.660,0,1
12.40,12.40,17.550,18.853,5.78,0.337,8.418,0,1
12.44,12.44,17.362,18.835,6.94,0.189,4.725,0,1
12.48,12.48,17.306,18.695,7.41,0.151,3.784,0,1
12.52,12.52,17.702,18.260,5.72,0.588,14.702,0,1
12.56,12.56,17.830,17.939,7.21,0.346,8.641,0,1
12.60,12.60,17.723,18.244,6.42,0.323,8.068,0,1
12.64,12.64,17.955,18.475,7.11,0.327,8.187,0,1
12.68,12.68,17.638,18.245,7.05,0.392,9.800,0,1
12.72,12.72,17.775,18.200,6.61,0.145,3.620,0,1
12.76,12.76,17.541,18.077,7.15,0.265,6.619,0,1
12.80,12.80,17.301,18.231,6.14,0.285,7.129,0,1
12.84,12.84,16.986,18.629,6.97,0.507,12.673,0,1
12.88,12.88,17.048,18.728,6.36,0.117,2.928,0,1
12.92,12.92,16.584,18.446,6.69,0.544,13.589,0,1
12.96,12.96,16.723,18.192,5.78,0.289,7.234,0,1
13.00,13.00,16.589,18.007,7.42,0.229,5.713,0,1
13.04,13.04,16.508,17.988,6.72,0.084,2.090,0,1
13.08,13.08,15.928,17.944,5.83,0.581,14.531,0,1
13.12,13.12,16.106,17.731,6.50,0.278,6.940,0,1
13.16,13.16,15.934,18.206,5.52,0.505,12.627,0,1
13.20,13.20,15.999,18.374,5.75,0.181,4.514,0,1
13.24,13.24,16.144,18.746,5.77,0.398,9.960,0,1
13.28,13.28,16.520,19.178,6.83,0.574,14.338,0,1
13.32,13.32,16.426,19.112,7.10,0.115,2.886,0,1
13.36,13.36,16.168,19.082,7.03,0.260,6.503,0,1
13.40,13.40,16.107,19.119,5.69,0.071,1.776,0,0
13.44,13.44,15.630,18.807,6.94,0.571,14.266,0,1
13.48,13.48,15.707,18.831,5.56,0.081,2.029,0,1
13.52,13.52,15.965,18.708,6.01,0.285,7.136,0,1
13.56,13.56,16.297,19.147,6.15,0.551,13.764,0,1
13.60,13.60,16.686,19.251,7.36,0.403,10.073,0,1
13.64,13.64,16.699,19.488,7.26,0.237,5.922,0,1
13.68,13.68,16.741,19.490,6.54,0.042,1.059,0,0
13.72,13.72,16.557,19.602,6.00,0.216,5.389,0,1
13.76,13.76,16.082,19.596,7.30,0.475,11.880,0,1
13.80,13.80,15.803,19.728,7.43,0.309,7.721,0,1
13.84,13.84,15.745,19.778,7.26,0.077,1.918,0,0
13.88,13.88,15.763,19.709,5.53,0.072,1.792,0,0
13.92,13.92,15.832,19.396,5.84,0.320,8.008,0,1
13.96,13.96,15.392,19.424,5.90,0.441,11.018,0,1
14.00,14.00,14.946,19.397,7.31,0.447,11.185,0,1
14.04,14.04,14.773,19.394,5.72,0.173,4.329,0,1
14.08,14.08,14.760,19.510,6.90,0.116,2.901,0,1
14.12,14.12,14.704,19.183,7.14,0.331,8.284,0,1
14.16,14.16,14.298,18.988,7.40,0.450,11.261,0,1
14.20,14.20,14.336,18.922,7.01,0.076,1.904,0,0
14.24,14.24,14.642,18.634,7.19,0.420,10.505,0,1
14.28,14.28,14.471,18.584,7.45,0.178,4.459,0,1
14.32,14.32,14.502,18.670,7.12,0.092,2.303,0,1
14.36,14.36,14.279,18.691,5.80,0.224,5.600,0,1
14.40,14.40,14.351,19.177,7.36,0.491,12.277,0,1
14.44,14.44,14.113,19.365,5.77,0.303,7.582,0,1
14.48,14.48,14.498,19.386,6.17,0.386,9.643,0,1
14.52,14.52,14.654,19.024,6.39,0.394,9.857,0,1
14.56,14.56,14.834,18.629,6.18,0.434,10.861,0,1
14.60,14.60,14.728,18.909,5.96,0.299,7.483,0,1
14.64,14.64,14.890,18.881,6.54,0.164,4.111,0,1
14.68,14.68,15.379,18.741,6.62,0.509,12.727,0,1
14.72,14.72,15.889,19.018,5.63,0.580,14.492,0,1
14.76,14.76,15.582,18.561,6.51,0.551,13.764,0,1
14.80,14.80,15.468,18.779,6.60,0.247,6.169,0,1
14.84,14.84,15.745,19.162,7.48,0.473,11.818,0,1
14.88,14.88,15.836,19.059,5.60,0.138,3.445,0,1
14.92,14.92,15.859,19.311,6.33,0.253,6.325,0,1
14.96,14.96,15.885,19.246,6.36,0.070,1.742,0,0
15.00,15.00,15.939,18.984,6.18,0.267,6.673,0,1
15.04,15.04,16.172,19.461,6.27,0.530,13.261,0,1
15.08,15.08,15.900,19.003,6.60,0.532,13.311,0,1
15.12,15.12,16.293,19.109,7.16,0.407,10.167,0,1
15.16,15.16,16.304,19.106,6.85,0.011,0.283,0,0
15.20,15.20,16.209,19.185,5.96,0.123,3.068,0,1
15.24,15.24,15.806,19.068,7.22,0.420,10.504,0,1
15.28,15.28,15.859,18.550,6.60,0.520,13.001,0,1
15.32,15.32,15.589,18.648,7.33,0.287,7.181,0,1
15.36,15.36,15.253,18.604,7.01,0.338,8.455,0,1
15.40,15.40,15.521,18.875,6.68,0.381,9.517,0,1
15.44,15.44,15.385,18.694,6.61,0.226,5.656,0,1
15.48,15.48,15.515,19.250,5.66,0.571,14.272,0,1
15.52,15.52,15.298,19.380,7.05,0.252,6.309,0,1
15.56,15.56,15.133,19.135,6.33,0.295,7.386,0,1
15.60,15.60,14.918,19.383,6.81,0.328,8.207,0,1
15.64,15.64,15.012,19.412,5.80,0.099,2.468,0,1
15.68,15.68,15.263,18.955,6.82,0.522,13.038,0,1
15.72,15.72,15.260,18.945,5.68,0.010,0.249,0,0
15.76,15.76,14.715,18.890,5.64,0.548,13.700,0,1
15.80,15.80,14.666,18.748,5.86,0.151,3.772,0,1
15.84,15.84,14.650,19.295,7.32,0.548,13.690,0,1
15.88,15.88,15.212,19.481,6.32,0.592,14.804,0,1
15.92,15.92,15.220,19.482,6.10,0.008,0.194,0,0
15.96,15.96,15.220,19.422,5.86,0.060,1.499,0,0
16.00,16.00,15.697,19.329,7.26,0.487,12.167,0,1
16.04,16.04,15.661,19.427,7.00,0.105,2.613,0,1
16.08,16.08,15.976,19.713,6.36,0.426,10.649,0,1
16.12,16.12,15.769,19.165,6.58,0.586,14.656,0,1
16.16,16.16,15.385,19.238,6.49,0.390,9.758,0,1
16.20,16.20,15.432,19.166,6.79,0.086,2.141,0,1
16.24,16.24,15.961,19.112,5.68,0.531,13.285,0,1
16.28,16.28,15.987,19.086,7.41,0.037,0.926,0,0
16.32,16.32,15.900,19.464,5.67,0.388,9.701,0,1
16.36,16.36,15.806,19.344,7.29,0.153,3.830,0,1
16.40,16.40,16.027,19.216,7.03,0.256,6.390,0,1
16.44,16.44,16.278,18.972,5.65,0.350,8.745,0,1
16.48,16.48,16.549,18.728,6.80,0.364,9.110,0,1
16.52,16.52,16.278,18.597,5.72,0.301,7.521,0,1
16.56,16.56,16.439,18.354,6.66,0.292,7.292,0,1
16.60,16.60,16.261,18.255,5.77,0.204,5.093,0,1
16.64,16.64,16.166,18.715,7.03,0.471,11.764,0,1
16.68,16.68,16.174,18.800,7.16,0.084,2.111,0,1
16.72,16.72,16.388,18.326,6.74,0.520,12.988,0,1
16.76,16.76,16.634,18.268,6.79,0.253,6.322,0,1
16.80,16.80,16.419,18.375,6.16,0.240,5.999,0,1
16.84,16.84,16.158,18.370,7.21,0.261,6.516,0,1
16.88,16.88,16.163,18.393,6.71,0.023,0.571,0,0
16.92,16.92,16.044,18.679,7.15,0.310,7.760,0,1
16.96,16.96,16.468,18.746,5.75,0.430,10.752,0,1
17.00,17.00,16.360,18.792,6.55,0.117,2.934,0,1
17.04,17.04,16.182,18.775,5.94,0.180,4.489,0,1
17.08,17.08,16.396,18.552,5.66,0.309,7.733,0,1
17.12,17.12,16.511,18.508,7.31,0.123,3.086,0,1
17.16,17.16,16.247,18.053,6.80,0.527,13.171,0,1
17.20,17.20,16.027,18.059,6.53,0.220,5.499,0,1
17.24,17.24,16.499,18.297,6.16,0.529,13.213,0,1
17.28,17.28,16.167,17.829,7.35,0.573,14.333,0,1
17.32,17.32,16.455,17.696,6.94,0.318,7.938,0,1
17.36,17.36,16.589,17.958,6.70,0.295,7.371,0,1
17.40,17.40,16.572,17.976,6.90,0.025,0.626,0,0
17.44,17.44,16.440,17.853,6.10,0.181,4.519,0,1
17.48,17.48,16.445,17.851,5.87,0.006,0.152,0,0
17.52,17.52,16.243,17.771,6.20,0.217,5.425,0,1
17.56,17.56,16.189,17.685,7.34,0.102,2.541,0,1
17.60,17.60,16.286,18.069,6.32,0.396,9.909,0,1
17.64,17.64,16.174,17.778,6.47,0.312,7.808,0,1
17.68,17.68,16.019,17.850,5.91,0.171,4.264,0,1
17.72,17.72,15.847,17.996,7.50,0.226,5.649,0,1
17.76,17.76,15.499,18.290,5.65,0.455,11.381,0,1
17.80,17.80,15.266,18.809,5.51,0.569,14.232,0,1
17.84,17.84,15.426,18.798,5.50,0.161,4.013,0,1
17.88,17.88,15.391,18.760,6.16,0.051,1.284,0,0
17.92,17.92,15.482,18.603,6.14,0.181,4.532,0,1
17.96,17.96,15.359,18.747,6.85,0.189,4.723,0,1
18.00,18.00,15.282,18.834,6.08,0.117,2.922,0,1
18.04,18.04,15.296,18.749,6.05,0.087,2.176,0,1
18.08,18.08,14.927,18.701,6.60,0.372,9.290,0,1
18.12,18.12,14.826,18.838,6.04,0.171,4.272,0,1
18.16,18.16,14.774,18.939,6.49,0.113,2.827,0,1
18.20,18.20,14.803,18.389,7.22,0.551,13.774,0,1
18.24,18.24,14.816,18.416,6.58,0.030,0.759,0,0
18.28,18.28,14.626,18.190,5.95,0.295,7.373,0,1
18.32,18.32,14.220,18.562,6.37,0.551,13.766,0,1
18.36,18.36,13.747,18.811,7.20,0.535,13.363,0,1
18.40,18.40,13.886,18.944,6.96,0.192,4.799,0,1
18.44,18.44,14.391,18.765,7.27,0.536,13.406,0,1
18.48,18.48,13.953,18.724,6.48,0.440,10.993,0,1
18.52,18.52,14.015,18.649,6.32,0.098,2.449,0,1
18.56,18.56,14.209,19.150,5.69,0.538,13.441,0,1
18.60,18.60,14.067,18.992,5.92,0.212,5.302,0,1
18.64,18.64,14.227,19.297,5.87,0.345,8.614,0,1
18.68,18.68,14.452,19.209,5.69,0.241,6.035,0,1
18.72,18.72,14.160,19.587,6.22,0.477,11.936,0,1
18.76,18.76,14.499,19.595,7.04,0.339,8.467,0,1
18.80,18.80,14.814,19.996,6.61,0.511,12.763,0,1
18.84,18.84,14.967,19.885,5.88,0.189,4.723,0,1
18.88,18.88,14.995,19.862,5.93,0.036,0.912,0,0
18.92,18.92,14.993,19.692,7.19,0.170,4.251,0,1
18.96,18.96,15.011,19.541,6.89,0.152,3.802,0,1
19.00,19.00,14.948,19.325,5.61,0.225,5.622,0,1
19.04,19.04,15.172,19.456,6.08,0.259,6.480,0,1
19.08,19.08,15.279,19.427,7.15,0.111,2.768,0,1
19.12,19.12,15.448,19.497,5.91,0.183,4.580,0,1
19.16,19.16,15.339,19.639,6.67,0.179,4.479,0,1
19.20,19.20,14.998,19.801,7.11,0.377,9.429,0,1
19.24,19.24,15.045,19.775,5.97,0.053,1.332,0,0
19.28,19.28,15.422,19.900,6.98,0.397,9.928,0,1
19.32,19.32,15.433,19.875,5.58,0.027,0.682,0,0
19.36,19.36,15.717,20.304,6.35,0.514,12.858,0,1
19.40,19.40,15.904,19.808,5.68,0.531,13.264,0,1
19.44,19.44,16.383,19.717,6.26,0.488,12.191,0,1
19.48,19.48,15.909,19.816,6.63,0.484,12.112,0,1
19.52,19.52,16.269,19.885,5.86,0.366,9.156,0,1
19.56,19.56,15.954,20.342,7.26,0.554,13.857,0,1
19.60,19.60,15.808,19.973,5.60,0.397,9.925,0,1
19.64,19.64,15.944,19.554,7.17,0.440,11.006,0,1
19.68,19.68,16.067,19.604,7.41,0.132,3.308,0,1
19.72,19.72,16.326,19.785,6.62,0.316,7.901,0,1
19.76,19.76,16.415,19.812,7.48,0.093,2.335,0,1
19.80,19.80,16.569,20.064,6.44,0.295,7.384,0,1
19.84,19.84,16.644,20.230,6.43,0.182,4.558,0,1
19.88,19.88,16.119,20.291,6.72,0.528,13.209,0,1
19.92,19.92,16.253,20.651,7.02,0.384,9.596,0,1
19.96,19.96,15.992,21.117,5.81,0.535,13.375,0,1
