SYNTHETIC EthoVision XT export - schema-faithful mock generated by generate_hcmo_instance.py; no real animals
Trial,Arena,Subject,Behavior,Start [s],Stop [s]
1,1,mouse-1,rearing supported,264.10,288.37
1,1,mouse-1,sniffing,582.16,601.54
1,1,mouse-1,eating,993.40,1011.79
1,1,mouse-1,sniffing,1348.76,1354.98
1,1,mouse-1,rearing unsupported,1552.54,1576.26
1,1,mouse-1,rearing supported,1737.20,1755.54
1,1,mouse-1,rearing unsupported,2125.04,2141.13
1,1,mouse-1,eating,2277.82,2289.71
1,1,mouse-1,rearing unsupported,2539.12,2542.37
1,1,mouse-1,eating,2955.04,2977.63
1,1,mouse-1,rearing supported,3112.53,3116.81
1,1,mouse-1,rearing unsupported,3258.73,3271.41
1,1,mouse-1,rearing supported,3570.53,3583.48
1,1,mouse-1,eating,3711.94,3713.93
1,1,mouse-1,eating,3838.74,3857.54
1,1,mouse-1,grooming,4091.15,4093.98
1,1,mouse-1,grooming,4508.73,4524.63
1,1,mouse-1,sniffing,4713.34,4730.10
1,1,mouse-1,sniffing,5099.65,5120.50
1,1,mouse-1,rearing supported,5418.84,5426.69
1,1,mouse-1,grooming,5828.17,5837.15
1,1,mouse-1,rearing unsupported,6120.26,6137.21
1,1,mouse-1,rearing unsupported,6250.57,6253.38
1,1,mouse-1,eating,6418.73,6427.56
1,1,mouse-1,grooming,6750.02,6763.92
1,1,mouse-1,rearing unsupported,7154.47,7176.98
1,2,mouse-2,rearing supported,335.00,351.99
1,2,mouse-2,rearing unsupported,574.00,596.25
1,2,mouse-2,eating,792.82,811.88
1,2,mouse-2,rearing unsupported,1199.95,1213.62
1,2,mouse-2,rearing supported,1573.22,1581.01
1,2,mouse-2,rearing supported,1724.50,1748.99
1,2,mouse-2,rearing supported,1836.70,1850.14
1,2,mouse-2,sniffing,1963.78,1980.39
1,2,mouse-2,rearing unsupported,2330.65,2344.25
1,2,mouse-2,eating,2492.05,2500.84
1,2,mouse-2,rearing unsupported,2770.64,2775.75
1,2,mouse-2,sniffing,3113.96,3131.27
1,2,mouse-2,rearing supported,3279.80,3304.45
1,2,mouse-2,grooming,3452.46,3459.02
1,2,mouse-2,sniffing,3624.78,3642.50
1,2,mouse-2,sniffing,4042.08,4045.17
1,2,mouse-2,eating,4325.54,4328.90
1,2,mouse-2,grooming,4594.14,4607.85
1,2,mouse-2,grooming,4925.88,4949.30
1,2,mouse-2,grooming,5269.28,5284.23
1,2,mouse-2,rearing unsupported,5524.60,5530.81
1,2,mouse-2,eating,5769.07,5786.69
1,2,mouse-2,sniffing,5937.24,5958.59
1,2,mouse-2,rearing unsupported,6054.00,6062.84
1,2,mouse-2,sniffing,6195.91,6211.02
1,2,mouse-2,rearing supported,6440.90,6461.06
1,2,mouse-2,grooming,6859.65,6883.99
