group,day,hour,minute,relativeTime,timestamp,cage,rack,position,event
B6_F,0,10,14,36872,2025-10-14T10:14:32.551-0400,B6_F_12_3401,,,REGISTERED
B6_F,0,10,15,36917,2025-10-14T10:15:17.868-0400,B6_F_12_3400,,,REGISTERED
B6_F,0,10,15,36919,2025-10-14T10:15:19.423-0400,B6_F_12_3402,,,REGISTERED
B6_F,0,10,15,36931,2025-10-14T10:15:31.868-0400,B6_F_12_3400,,,ADDED
B6_F,0,10,15,36938,2025-10-14T10:15:38.551-0400,B6_F_12_3401,,,ADDED
B6_F,0,10,15,36949,2025-10-14T10:15:49.868-0400,B6_F_12_3400,,,CAGE_ONLINE
B6_F,0,10,15,36952,2025-10-14T10:15:52.551-0400,B6_F_12_3401,,,CAGE_ONLINE
B6_F,0,10,15,36953,2025-10-14T10:15:53.988-0400,B6_F_12_3403,,,REGISTERED
B6_F,0,10,15,36955,2025-10-14T10:15:55.868-0400,B6_F_12_3400,BBBB,A6,INSERTED
B6_F,0,10,15,36955,2025-10-14T10:15:55.551-0400,B6_F_12_3401,BBBB,B6,INSERTED
B6_F,0,10,16,36984,2025-10-14T10:16:24.423-0400,B6_F_12_3402,,,ADDED
B6_F,0,10,16,37000,2025-10-14T10:16:40.423-0400,B6_F_12_3402,,,CAGE_ONLINE
B6_F,0,10,16,37006,2025-10-14T10:16:46.423-0400,B6_F_12_3402,BBBB,C6,INSERTED
B6_F,0,10,16,37006,2025-10-14T10:16:46.988-0400,B6_F_12_3403,,,ADDED
B6_F,0,10,17,37022,2025-10-14T10:17:02.988-0400,B6_F_12_3403,,,CAGE_ONLINE
B6_F,0,10,17,37026,2025-10-14T10:17:06.988-0400,B6_F_12_3403,BBBB,D6,INSERTED
B6_F,0,10,17,37033,2025-10-14T10:17:13.080-0400,B6_F_12_3404,,,REGISTERED
B6_F,0,10,18,37087,2025-10-14T10:18:07.080-0400,B6_F_12_3404,,,ADDED
B6_F,0,10,18,37102,2025-10-14T10:18:22.080-0400,B6_F_12_3404,,,CAGE_ONLINE
B6_F,0,10,18,37109,2025-10-14T10:18:29.080-0400,B6_F_12_3404,BBBB,E6,INSERTED
B6_F,0,10,18,37121,2025-10-14T10:18:41.104-0400,B6_F_12_3405,,,REGISTERED
B6_F,0,10,19,37176,2025-10-14T10:19:36.104-0400,B6_F_12_3405,,,ADDED
B6_F,0,10,19,37178,2025-10-14T10:19:38.800-0400,B6_F_12_3406,,,REGISTERED
B6_F,0,10,19,37183,2025-10-14T10:19:43.104-0400,B6_F_12_3405,,,CAGE_ONLINE
B6_F,0,10,19,37190,2025-10-14T10:19:50.104-0400,B6_F_12_3405,BBBB,A5,INSERTED
B6_F,0,10,20,37206,2025-10-14T10:20:06.800-0400,B6_F_12_3406,,,ADDED
B6_F,0,10,20,37211,2025-10-14T10:20:11.043-0400,B6_F_12_3407,,,REGISTERED
B6_F,0,10,20,37219,2025-10-14T10:20:19.800-0400,B6_F_12_3406,,,CAGE_ONLINE
B6_F,0,10,20,37225,2025-10-14T10:20:25.800-0400,B6_F_12_3406,BBBB,B5,INSERTED
B6_F,0,10,20,37256,2025-10-14T10:20:56.043-0400,B6_F_12_3407,,,ADDED
B6_F,0,10,21,37272,2025-10-14T10:21:12.043-0400,B6_F_12_3407,,,CAGE_ONLINE
B6_F,0,10,21,37276,2025-10-14T10:21:16.043-0400,B6_F_12_3407,BBBB,C5,INSERTED
B6_F,1,0,9,86966,2025-10-15T00:09:26.541-0400,B6_F_12_3406,,,UPDATED
B6_F,1,3,58,100710,2025-10-15T03:58:30.816-0400,B6_F_12_3405,,,UPDATED
B6_F,1,11,7,126446,2025-10-15T11:07:26.938-0400,B6_F_12_3401,,,UPDATED
B6_F,1,16,35,146155,2025-10-15T16:35:55.841-0400,B6_F_12_3404,,,UPDATED
B6_F,2,19,32,243120,2025-10-16T19:32:00.000-0400,B6_F_12_3400,,,REMOVED
B6_F,2,19,36,243410,2025-10-16T19:36:50.427-0400,B6_F_12_3400,BBBB,A6,INSERTED
B6_F,2,19,57,244641,2025-10-16T19:57:21.936-0400,B6_F_12_3401,,,UPDATED
B6_F,3,1,7,263243,2025-10-17T01:07:23.070-0400,B6_F_12_3407,,,UPDATED
