MM:DD:YYYY hh:mm:ss,Library_Version,Session_type,Device_Number,Battery_Voltage,Motor_Turns,FR,Event,Active_Poke,Left_Poke_Count,Right_Poke_Count,Pellet_Count,Block_Pellet_Count,Retrieval_Time,InterPellet_Interval,Poke_Time
06/02/2026 18:31:51,1.16.3,FR1,1,4.12,0,1,Left,Left,1,0,0,0,,,0.65
06/02/2026 18:31:52,1.16.3,FR1,1,4.12,1,1,Pellet,Left,1,0,1,1,39.24,,
06/02/2026 18:34:34,1.16.3,FR1,1,4.12,1,1,Left,Left,2,0,1,1,,,0.82
06/02/2026 18:34:34,1.16.3,FR1,1,4.12,2,1,Pellet,Left,2,0,2,2,24.24,162.42,
06/02/2026 18:38:32,1.16.3,FR1,1,4.12,2,1,Left,Left,3,0,2,2,,,0.87
06/02/2026 18:38:33,1.16.3,FR1,1,4.12,3,1,Pellet,Left,3,0,3,3,1.18,238.39,
06/02/2026 18:41:32,1.16.3,FR1,1,4.12,3,1,Left,Left,4,0,3,3,,,0.98
06/02/2026 18:41:33,1.16.3,FR1,1,4.12,4,1,Pellet,Left,4,0,4,4,8.03,180.07,
06/02/2026 18:45:46,1.16.3,FR1,1,4.12,4,1,Left,Left,5,0,4,4,,,1.34
06/02/2026 18:45:47,1.16.3,FR1,1,4.12,5,1,Pellet,Left,5,0,5,5,37.35,253.73,
06/02/2026 18:47:15,1.16.3,FR1,1,4.12,5,1,Left,Left,6,0,5,5,,,0.75
06/02/2026 18:47:16,1.16.3,FR1,1,4.12,6,1,Pellet,Left,6,0,6,6,34.70,89.12,
06/02/2026 18:49:43,1.16.3,FR1,1,4.12,6,1,Left,Left,7,0,6,6,,,0.56
06/02/2026 18:49:44,1.16.3,FR1,1,4.12,7,1,Pellet,Left,7,0,7,7,41.41,148.38,
06/02/2026 18:52:31,1.16.3,FR1,1,4.12,7,1,Left,Left,8,0,7,7,,,1.25
06/02/2026 18:52:32,1.16.3,FR1,1,4.12,8,1,Pellet,Left,8,0,8,8,19.39,167.54,
06/02/2026 18:56:35,1.16.3,FR1,1,4.12,8,1,Left,Left,9,0,8,8,,,0.56
06/02/2026 18:56:35,1.16.3,FR1,1,4.12,9,1,Pellet,Left,9,0,9,9,7.19,243.60,
06/02/2026 18:58:40,1.16.3,FR1,1,4.12,9,1,Left,Left,10,0,9,9,,,1.38
06/02/2026 18:58:40,1.16.3,FR1,1,4.12,10,1,Pellet,Left,10,0,10,10,20.93,125.24,
06/02/2026 19:02:18,1.16.3,FR1,1,4.12,10,1,Left,Left,11,0,10,10,,,1.19
06/02/2026 19:02:19,1.16.3,FR1,1,4.12,11,1,Pellet,Left,11,0,11,11,16.12,218.21,
06/02/2026 19:04:23,1.16.3,FR1,1,4.12,11,1,Left,Left,12,0,11,11,,,0.85
06/02/2026 19:04:24,1.16.3,FR1,1,4.12,12,1,Pellet,Left,12,0,12,12,40.42,125.36,
06/02/2026 19:05:43,1.16.3,FR1,1,4.11,12,1,Left,Left,13,0,12,12,,,1.24
06/02/2026 19:05:43,1.16.3,FR1,1,4.11,13,1,Pellet,Left,13,0,13,13,15.82,79.43,
06/02/2026 19:06:50,1.16.3,FR1,1,4.11,13,1,Left,Left,14,0,13,13,,,0.28
06/02/2026 19:06:50,1.16.3,FR1,1,4.11,14,1,Pellet,Left,14,0,14,14,33.24,67.05,
06/02/2026 19:08:48,1.16.3,FR1,1,4.11,14,1,Left,Left,15,0,14,14,,,0.48
06/02/2026 19:08:48,1.16.3,FR1,1,4.11,15,1,Pellet,Left,15,0,15,15,3.54,117.62,
06/02/2026 19:10:18,1.16.3,FR1,1,4.11,15,1,Left,Left,16,0,15,15,,,1.05
06/02/2026 19:10:19,1.16.3,FR1,1,4.11,16,1,Pellet,Left,16,0,16,16,30.60,90.76,
06/02/2026 19:11:27,1.16.3,FR1,1,4.11,16,1,Left,Left,17,0,16,16,,,1.22
06/02/2026 19:11:28,1.16.3,FR1,1,4.11,17,1,Pellet,Left,17,0,17,17,41.30,69.10,
06/02/2026 19:14:04,1.16.3,FR1,1,4.11,17,1,Right,Left,17,1,17,17,,,1.20
06/02/2026 19:14:33,1.16.3,FR1,1,4.11,17,1,Left,Left,18,1,17,17,,,0.30
06/02/2026 19:14:33,1.16.3,FR1,1,4.11,18,1,Pellet,Left,18,1,18,18,17.72,185.24,
06/02/2026 19:15:35,1.16.3,FR1,1,4.11,18,1,Left,Left,19,1,18,18,,,0.36
06/02/2026 19:15:36,1.16.3,FR1,1,4.11,19,1,Pellet,Left,19,1,19,19,28.19,62.57,
06/02/2026 19:16:41,1.16.3,FR1,1,4.11,19,1,Left,Left,20,1,19,19,,,0.19
06/02/2026 19:16:41,1.16.3,FR1,1,4.11,20,1,Pellet,Left,20,1,20,20,8.79,65.69,
06/02/2026 19:18:26,1.16.3,FR1,1,4.11,20,1,Left,Left,21,1,20,20,,,0.79
06/02/2026 19:18:26,1.16.3,FR1,1,4.11,21,1,Pellet,Left,21,1,21,21,27.50,104.42,
06/02/2026 19:19:18,1.16.3,FR1,1,4.11,21,1,Left,Left,22,1,21,21,,,0.44
06/02/2026 19:19:19,1.16.3,FR1,1,4.11,22,1,Pellet,Left,22,1,22,22,7.79,52.94,
06/02/2026 19:20:12,1.16.3,FR1,1,4.11,22,1,Left,Left,23,1,22,22,,,0.49
06/02/2026 19:20:12,1.16.3,FR1,1,4.11,23,1,Pellet,Left,23,1,23,23,30.44,53.62,
06/02/2026 19:22:05,1.16.3,FR1,1,4.11,23,1,Left,Left,24,1,23,23,,,0.57
06/02/2026 19:22:05,1.16.3,FR1,1,4.11,24,1,Pellet,Left,24,1,24,24,21.50,112.74,
06/02/2026 19:23:48,1.16.3,FR1,1,4.11,24,1,Left,Left,25,1,24,24,,,1.04
06/02/2026 19:23:48,1.16.3,FR1,1,4.11,25,1,Pellet,Left,25,1,25,25,3.58,102.97,
06/02/2026 19:25:27,1.16.3,FR1,1,4.11,25,1,Left,Left,26,1,25,25,,,0.20
06/02/2026 19:25:28,1.16.3,FR1,1,4.11,26,1,Pellet,Left,26,1,26,26,28.12,99.62,
06/02/2026 19:27:39,1.16.3,FR1,1,4.11,26,1,Left,Left,27,1,26,26,,,0.27
06/02/2026 19:27:40,1.16.3,FR1,1,4.11,27,1,Pellet,Left,27,1,27,27,14.23,132.09,
06/02/2026 19:29:38,1.16.3,FR1,1,4.11,27,1,Left,Left,28,1,27,27,,,0.69
06/02/2026 19:29:39,1.16.3,FR1,1,4.11,28,1,Pellet,Left,28,1,28,28,17.32,118.76,
06/02/2026 19:30:20,1.16.3,FR1,1,4.11,28,1,Right,Left,28,2,28,28,,,0.43
06/02/2026 19:30:59,1.16.3,FR1,1,4.11,28,1,Left,Left,29,2,28,28,,,0.64
06/02/2026 19:31:00,1.16.3,FR1,1,4.11,29,1,Pellet,Left,29,2,29,29,20.11,81.18,
06/02/2026 19:31:52,1.16.3,FR1,1,4.11,29,1,Left,Left,30,2,29,29,,,1.37
06/02/2026 19:31:52,1.16.3,FR1,1,4.11,30,1,Pellet,Left,30,2,30,30,28.24,52.43,
06/02/2026 19:33:12,1.16.3,FR1,1,4.11,30,1,Right,Left,30,3,30,30,,,0.74
06/02/2026 19:34:02,1.16.3,FR1,1,4.11,30,1,Right,Left,30,4,30,30,,,0.43
06/02/2026 19:34:53,1.16.3,FR1,1,4.11,30,1,Left,Left,31,4,30,30,,,1.10
06/02/2026 19:34:54,1.16.3,FR1,1,4.11,31,1,Pellet,Left,31,4,31,31,22.04,181.33,
06/02/2026 19:36:52,1.16.3,FR1,1,4.11,31,1,Left,Left,32,4,31,31,,,0.17
06/02/2026 19:36:52,1.16.3,FR1,1,4.11,32,1,Pellet,Left,32,4,32,32,26.18,118.78,
06/02/2026 19:39:02,1.16.3,FR1,1,4.11,32,1,Left,Left,33,4,32,32,,,0.83
06/02/2026 19:39:03,1.16.3,FR1,1,4.11,33,1,Pellet,Left,33,4,33,33,5.10,130.27,
06/02/2026 19:39:39,1.16.3,FR1,1,4.10,33,1,Left,Left,34,4,33,33,,,0.81
06/02/2026 19:39:40,1.16.3,FR1,1,4.10,34,1,Pellet,Left,34,4,34,34,40.39,37.04,
06/02/2026 19:41:00,1.16.3,FR1,1,4.10,34,1,Left,Left,35,4,34,34,,,1.14
06/02/2026 19:41:01,1.16.3,FR1,1,4.10,35,1,Pellet,Left,35,4,35,35,41.96,81.53,
06/02/2026 19:42:05,1.16.3,FR1,1,4.10,35,1,Left,Left,36,4,35,35,,,0.60
06/02/2026 19:42:06,1.16.3,FR1,1,4.10,36,1,Pellet,Left,36,4,36,36,6.75,64.39,
06/02/2026 19:42:50,1.16.3,FR1,1,4.10,36,1,Left,Left,37,4,36,36,,,1.30
06/02/2026 19:42:51,1.16.3,FR1,1,4.10,37,1,Pellet,Left,37,4,37,37,12.11,45.60,
06/02/2026 19:44:18,1.16.3,FR1,1,4.10,37,1,Left,Left,38,4,37,37,,,0.30
06/02/2026 19:44:19,1.16.3,FR1,1,4.10,38,1,Pellet,Left,38,4,38,38,27.80,87.37,
06/02/2026 19:46:19,1.16.3,FR1,1,4.10,38,1,Right,Left,38,5,38,38,,,1.37
06/02/2026 19:46:43,1.16.3,FR1,1,4.10,38,1,Left,Left,39,5,38,38,,,0.67
06/02/2026 19:46:44,1.16.3,FR1,1,4.10,39,1,Pellet,Left,39,5,39,39,30.39,145.41,
06/02/2026 19:48:35,1.16.3,FR1,1,4.10,39,1,Left,Left,40,5,39,39,,,1.19
06/02/2026 19:48:36,1.16.3,FR1,1,4.10,40,1,Pellet,Left,40,5,40,40,41.88,111.57,
06/02/2026 19:50:58,1.16.3,FR1,1,4.10,40,1,Left,Left,41,5,40,40,,,0.26
06/02/2026 19:50:58,1.16.3,FR1,1,4.10,41,1,Pellet,Left,41,5,41,41,9.39,142.66,
06/02/2026 19:52:11,1.16.3,FR1,1,4.10,41,1,Left,Left,42,5,41,41,,,0.62
06/02/2026 19:52:11,1.16.3,FR1,1,4.10,42,1,Pellet,Left,42,5,42,42,34.10,73.07,
06/02/2026 19:53:28,1.16.3,FR1,1,4.10,42,1,Left,Left,43,5,42,42,,,0.81
06/02/2026 19:53:29,1.16.3,FR1,1,4.10,43,1,Pellet,Left,43,5,43,43,42.74,77.32,
06/02/2026 19:55:36,1.16.3,FR1,1,4.10,43,1,Right,Left,43,6,43,43,,,0.32
06/02/2026 19:56:02,1.16.3,FR1,1,4.10,43,1,Left,Left,44,6,43,43,,,0.27
06/02/2026 19:56:03,1.16.3,FR1,1,4.10,44,1,Pellet,Left,44,6,44,44,24.36,154.18,
06/02/2026 19:57:23,1.16.3,FR1,1,4.10,44,1,Left,Left,45,6,44,44,,,0.62
06/02/2026 19:57:23,1.16.3,FR1,1,4.10,45,1,Pellet,Left,45,6,45,45,37.27,80.40,
06/02/2026 19:58:38,1.16.3,FR1,1,4.10,45,1,Left,Left,46,6,45,45,,,0.35
06/02/2026 19:58:39,1.16.3,FR1,1,4.10,46,1,Pellet,Left,46,6,46,46,34.60,75.98,
06/02/2026 20:01:07,1.16.3,FR1,1,4.10,46,1,Left,Left,47,6,46,46,,,0.69
06/02/2026 20:01:07,1.16.3,FR1,1,4.10,47,1,Pellet,Left,47,6,47,47,1.42,148.30,
06/02/2026 20:01:38,1.16.3,FR1,1,4.10,47,1,Left,Left,48,6,47,47,,,0.99
06/02/2026 20:01:38,1.16.3,FR1,1,4.10,48,1,Pellet,Left,48,6,48,48,25.93,30.98,
06/02/2026 20:03:29,1.16.3,FR1,1,4.10,48,1,Left,Left,49,6,48,48,,,1.00
06/02/2026 20:03:30,1.16.3,FR1,1,4.10,49,1,Pellet,Left,49,6,49,49,16.46,111.29,
06/02/2026 20:05:29,1.16.3,FR1,1,4.10,49,1,Left,Left,50,6,49,49,,,0.64
06/02/2026 20:05:29,1.16.3,FR1,1,4.10,50,1,Pellet,Left,50,6,50,50,42.85,119.19,
06/02/2026 20:08:00,1.16.3,FR1,1,4.10,50,1,Left,Left,51,6,50,50,,,1.08
06/02/2026 20:08:01,1.16.3,FR1,1,4.10,51,1,Pellet,Left,51,6,51,51,36.22,152.17,
06/02/2026 20:10:24,1.16.3,FR1,1,4.10,51,1,Left,Left,52,6,51,51,,,0.81
06/02/2026 20:10:25,1.16.3,FR1,1,4.10,52,1,Pellet,Left,52,6,52,52,17.89,143.68,
06/02/2026 20:11:04,1.16.3,FR1,1,4.10,52,1,Left,Left,53,6,52,52,,,1.05
06/02/2026 20:11:04,1.16.3,FR1,1,4.10,53,1,Pellet,Left,53,6,53,53,28.64,39.62,
06/02/2026 20:12:37,1.16.3,FR1,1,4.10,53,1,Left,Left,54,6,53,53,,,0.63
06/02/2026 20:12:37,1.16.3,FR1,1,4.10,54,1,Pellet,Left,54,6,54,54,12.42,92.53,
06/02/2026 20:13:57,1.16.3,FR1,1,4.10,54,1,Right,Left,54,7,54,54,,,1.36
06/02/2026 20:14:52,1.16.3,FR1,1,4.10,54,1,Left,Left,55,7,54,54,,,1.25
06/02/2026 20:14:53,1.16.3,FR1,1,4.10,55,1,Pellet,Left,55,7,55,55,17.28,135.71,
06/02/2026 20:16:14,1.16.3,FR1,1,4.09,55,1,Left,Left,56,7,55,55,,,1.37
06/02/2026 20:16:15,1.16.3,FR1,1,4.09,56,1,Pellet,Left,56,7,56,56,8.52,82.16,
06/02/2026 20:17:00,1.16.3,FR1,1,4.09,56,1,Right,Left,56,8,56,56,,,1.39
06/02/2026 20:17:44,1.16.3,FR1,1,4.09,56,1,Left,Left,57,8,56,56,,,1.07
06/02/2026 20:17:45,1.16.3,FR1,1,4.09,57,1,Pellet,Left,57,8,57,57,20.16,89.96,
06/02/2026 20:18:54,1.16.3,FR1,1,4.09,57,1,Left,Left,58,8,57,57,,,1.05
06/02/2026 20:18:54,1.16.3,FR1,1,4.09,58,1,Pellet,Left,58,8,58,58,4.70,69.47,
06/02/2026 20:20:53,1.16.3,FR1,1,4.09,58,1,Left,Left,59,8,58,58,,,0.71
06/02/2026 20:20:53,1.16.3,FR1,1,4.09,59,1,Pellet,Left,59,8,59,59,41.09,119.24,
06/02/2026 20:22:14,1.16.3,FR1,1,4.09,59,1,Left,Left,60,8,59,59,,,0.37
06/02/2026 20:22:14,1.16.3,FR1,1,4.09,60,1,Pellet,Left,60,8,60,60,4.96,80.83,
06/02/2026 20:23:55,1.16.3,FR1,1,4.09,60,1,Left,Left,61,8,60,60,,,0.16
06/02/2026 20:23:55,1.16.3,FR1,1,4.09,61,1,Pellet,Left,61,8,61,61,21.95,100.85,
06/02/2026 20:24:52,1.16.3,FR1,1,4.09,61,1,Left,Left,62,8,61,61,,,0.16
06/02/2026 20:24:52,1.16.3,FR1,1,4.09,62,1,Pellet,Left,62,8,62,62,39.55,57.13,
06/02/2026 20:26:19,1.16.3,FR1,1,4.09,62,1,Left,Left,63,8,62,62,,,1.22
06/02/2026 20:26:20,1.16.3,FR1,1,4.09,63,1,Pellet,Left,63,8,63,63,33.20,87.75,
06/02/2026 20:28:44,1.16.3,FR1,1,4.09,63,1,Left,Left,64,8,63,63,,,1.39
06/02/2026 20:28:44,1.16.3,FR1,1,4.09,64,1,Pellet,Left,64,8,64,64,39.21,144.30,
06/02/2026 20:30:32,1.16.3,FR1,1,4.09,64,1,Left,Left,65,8,64,64,,,0.38
06/02/2026 20:30:33,1.16.3,FR1,1,4.09,65,1,Pellet,Left,65,8,65,65,30.83,108.37,
06/02/2026 20:32:01,1.16.3,FR1,1,4.09,65,1,Left,Left,66,8,65,65,,,0.31
06/02/2026 20:32:02,1.16.3,FR1,1,4.09,66,1,Pellet,Left,66,8,66,66,29.01,89.05,
06/02/2026 20:33:45,1.16.3,FR1,1,4.09,66,1,Left,Left,67,8,66,66,,,0.93
06/02/2026 20:33:45,1.16.3,FR1,1,4.09,67,1,Pellet,Left,67,8,67,67,32.11,103.79,
06/02/2026 20:35:14,1.16.3,FR1,1,4.09,67,1,Left,Left,68,8,67,67,,,0.80
06/02/2026 20:35:14,1.16.3,FR1,1,4.09,68,1,Pellet,Left,68,8,68,68,24.60,88.72,
06/02/2026 20:37:15,1.16.3,FR1,1,4.09,68,1,Left,Left,69,8,68,68,,,1.27
06/02/2026 20:37:16,1.16.3,FR1,1,4.09,69,1,Pellet,Left,69,8,69,69,43.83,121.70,
06/02/2026 20:38:52,1.16.3,FR1,1,4.09,69,1,Left,Left,70,8,69,69,,,1.33
06/02/2026 20:38:52,1.16.3,FR1,1,4.09,70,1,Pellet,Left,70,8,70,70,16.04,96.57,
06/02/2026 20:39:31,1.16.3,FR1,1,4.09,70,1,Left,Left,71,8,70,70,,,0.58
06/02/2026 20:39:32,1.16.3,FR1,1,4.09,71,1,Pellet,Left,71,8,71,71,40.69,39.22,
06/02/2026 20:41:32,1.16.3,FR1,1,4.09,71,1,Left,Left,72,8,71,71,,,0.36
06/02/2026 20:41:32,1.16.3,FR1,1,4.09,72,1,Pellet,Left,72,8,72,72,35.12,120.64,
06/02/2026 20:43:17,1.16.3,FR1,1,4.09,72,1,Right,Left,72,9,72,72,,,1.10
06/02/2026 20:45:13,1.16.3,FR1,1,4.09,72,1,Left,Left,73,9,72,72,,,0.71
06/02/2026 20:45:13,1.16.3,FR1,1,4.09,73,1,Pellet,Left,73,9,73,73,22.81,221.05,
06/02/2026 20:46:06,1.16.3,FR1,1,4.09,73,1,Left,Left,74,9,73,73,,,0.34
06/02/2026 20:46:07,1.16.3,FR1,1,4.09,74,1,Pellet,Left,74,9,74,74,21.83,53.13,
06/02/2026 20:47:58,1.16.3,FR1,1,4.09,74,1,Left,Left,75,9,74,74,,,0.74
06/02/2026 20:47:58,1.16.3,FR1,1,4.09,75,1,Pellet,Left,75,9,75,75,34.58,111.96,
06/02/2026 20:49:02,1.16.3,FR1,1,4.09,75,1,Left,Left,76,9,75,75,,,0.96
06/02/2026 20:49:02,1.16.3,FR1,1,4.09,76,1,Pellet,Left,76,9,76,76,22.55,63.96,
06/02/2026 20:51:06,1.16.3,FR1,1,4.09,76,1,Right,Left,76,10,76,76,,,1.02
06/02/2026 20:52:31,1.16.3,FR1,1,4.09,76,1,Left,Left,77,10,76,76,,,0.31
06/02/2026 20:52:32,1.16.3,FR1,1,4.09,77,1,Pellet,Left,77,10,77,77,40.49,209.19,
06/02/2026 20:54:26,1.16.3,FR1,1,4.08,77,1,Left,Left,78,10,77,77,,,0.95
06/02/2026 20:54:26,1.16.3,FR1,1,4.08,78,1,Pellet,Left,78,10,78,78,43.57,114.75,
06/02/2026 20:56:19,1.16.3,FR1,1,4.08,78,1,Left,Left,79,10,78,78,,,0.91
06/02/2026 20:56:20,1.16.3,FR1,1,4.08,79,1,Pellet,Left,79,10,79,79,6.20,113.64,
06/02/2026 20:58:19,1.16.3,FR1,1,4.08,79,1,Left,Left,80,10,79,79,,,0.19
06/02/2026 20:58:19,1.16.3,FR1,1,4.08,80,1,Pellet,Left,80,10,80,80,21.47,119.34,
06/02/2026 21:00:04,1.16.3,FR1,1,4.08,80,1,Left,Left,81,10,80,80,,,0.80
06/02/2026 21:00:04,1.16.3,FR1,1,4.08,81,1,Pellet,Left,81,10,81,81,16.19,105.02,
06/02/2026 21:01:56,1.16.3,FR1,1,4.08,81,1,Left,Left,82,10,81,81,,,1.17
06/02/2026 21:01:56,1.16.3,FR1,1,4.08,82,1,Pellet,Left,82,10,82,82,12.05,112.00,
06/02/2026 21:03:50,1.16.3,FR1,1,4.08,82,1,Left,Left,83,10,82,82,,,0.33
06/02/2026 21:03:50,1.16.3,FR1,1,4.08,83,1,Pellet,Left,83,10,83,83,22.76,113.76,
06/02/2026 21:05:28,1.16.3,FR1,1,4.08,83,1,Left,Left,84,10,83,83,,,0.97
06/02/2026 21:05:29,1.16.3,FR1,1,4.08,84,1,Pellet,Left,84,10,84,84,41.19,98.90,
06/02/2026 21:07:29,1.16.3,FR1,1,4.08,84,1,Left,Left,85,10,84,84,,,1.00
06/02/2026 21:07:30,1.16.3,FR1,1,4.08,85,1,Pellet,Left,85,10,85,85,43.66,121.16,
06/02/2026 21:09:33,1.16.3,FR1,1,4.08,85,1,Left,Left,86,10,85,85,,,0.92
06/02/2026 21:09:33,1.16.3,FR1,1,4.08,86,1,Pellet,Left,86,10,86,86,8.34,123.24,
06/02/2026 21:11:04,1.16.3,FR1,1,4.08,86,1,Left,Left,87,10,86,86,,,0.53
06/02/2026 21:11:05,1.16.3,FR1,1,4.08,87,1,Pellet,Left,87,10,87,87,34.12,91.52,
06/02/2026 21:12:54,1.16.3,FR1,1,4.08,87,1,Left,Left,88,10,87,87,,,0.43
06/02/2026 21:12:55,1.16.3,FR1,1,4.08,88,1,Pellet,Left,88,10,88,88,15.43,109.82,
06/02/2026 21:14:18,1.16.3,FR1,1,4.08,88,1,Left,Left,89,10,88,88,,,0.32
06/02/2026 21:14:19,1.16.3,FR1,1,4.08,89,1,Pellet,Left,89,10,89,89,17.41,83.95,
06/02/2026 21:15:49,1.16.3,FR1,1,4.08,89,1,Left,Left,90,10,89,89,,,0.33
06/02/2026 21:15:50,1.16.3,FR1,1,4.08,90,1,Pellet,Left,90,10,90,90,21.07,91.25,
06/02/2026 21:17:00,1.16.3,FR1,1,4.08,90,1,Left,Left,91,10,90,90,,,0.70
06/02/2026 21:17:01,1.16.3,FR1,1,4.08,91,1,Pellet,Left,91,10,91,91,38.69,70.55,
06/02/2026 21:18:10,1.16.3,FR1,1,4.08,91,1,Left,Left,92,10,91,91,,,0.98
06/02/2026 21:18:10,1.16.3,FR1,1,4.08,92,1,Pellet,Left,92,10,92,92,13.75,69.61,
06/02/2026 21:20:16,1.16.3,FR1,1,4.08,92,1,Left,Left,93,10,92,92,,,0.44
06/02/2026 21:20:16,1.16.3,FR1,1,4.08,93,1,Pellet,Left,93,10,93,93,1.47,126.09,
06/02/2026 21:22:03,1.16.3,FR1,1,4.08,93,1,Left,Left,94,10,93,93,,,0.35
06/02/2026 21:22:04,1.16.3,FR1,1,4.08,94,1,Pellet,Left,94,10,94,94,27.00,107.36,
06/02/2026 21:22:54,1.16.3,FR1,1,4.08,94,1,Left,Left,95,10,94,94,,,1.14
06/02/2026 21:22:55,1.16.3,FR1,1,4.08,95,1,Pellet,Left,95,10,95,95,15.99,51.25,
06/02/2026 21:24:06,1.16.3,FR1,1,4.08,95,1,Left,Left,96,10,95,95,,,0.50
06/02/2026 21:24:07,1.16.3,FR1,1,4.08,96,1,Pellet,Left,96,10,96,96,21.49,72.27,
06/02/2026 21:25:18,1.16.3,FR1,1,4.08,96,1,Left,Left,97,10,96,96,,,0.72
06/02/2026 21:25:19,1.16.3,FR1,1,4.08,97,1,Pellet,Left,97,10,97,97,7.63,71.58,
06/02/2026 21:26:50,1.16.3,FR1,1,4.08,97,1,Left,Left,98,10,97,97,,,0.99
06/02/2026 21:26:50,1.16.3,FR1,1,4.08,98,1,Pellet,Left,98,10,98,98,42.27,91.50,
06/02/2026 21:28:39,1.16.3,FR1,1,4.08,98,1,Left,Left,99,10,98,98,,,0.15
06/02/2026 21:28:40,1.16.3,FR1,1,4.08,99,1,Pellet,Left,99,10,99,99,16.26,109.94,
