subject_id	predicate_id	object_id	subject_label	object_label	mapping_justification	subject_source_version	object_source_version	author_label	confidence	review_status	comment
hcm-bio:StudyFactors	rdfs:subClassOf	OBI:0000750	Study Factor	study design independent variable	semapv:ManualMappingCuration	HCMO:0.2.0	OBI:2026-05-08	Damien Huzard	0.85	deferred	Candidate only; promote after two positive fixtures, a counterexample search, exact-answer CQs, and OBI review.
hcm-bio:ExperimentalGroup	skos:relatedMatch	STATO:0000193	Experimental Group	study group population	semapv:ManualMappingCuration	HCMO:0.2.0	STATO:2026-04-20	Damien Huzard	0.65	registry-only	HCMO is broader; instance typing is allowed only for a population intended for measurement or statistical analysis.
hcm-bio:Subject	rdfs:seeAlso	bioschemas:Sample	Subject	Sample	semapv:ManualMappingCuration	HCMO:0.2.0	ISA-RO-Crate:1.0.0-draft.1	Damien Huzard	0.4	exchange-only	ISA Source and Sample are workflow roles serialized through Bioschemas Sample; no class mapping is authorized.
sosa:Actuator	rdfs:subClassOf	BFO:0000040	Actuator	material entity	semapv:ManualMappingCuration	SOSA-REC:2017-10-19	BFO-2020:dd89f4a	Damien Huzard	0.9	registry-only	Placement entailed by the composed W3C SOSA-to-PROV-O and Prudhomme et al. 2025 PROV-O-to-BFO alignments (optional bridge profile, ADR-0005); HCMO asserts nothing about this SOSA term. Verified on the prefix-repaired alignment with HermiT; not an equivalence.
sosa:Observation	rdfs:subClassOf	BFO:0000015	Observation	process	semapv:ManualMappingCuration	SOSA-REC:2017-10-19	BFO-2020:dd89f4a	Damien Huzard	0.9	registry-only	Placement entailed by the composed W3C SOSA-to-PROV-O and Prudhomme et al. 2025 PROV-O-to-BFO alignments (optional bridge profile, ADR-0005); HCMO asserts nothing about this SOSA term. Verified on the prefix-repaired alignment with HermiT; not an equivalence. Anchors the four HCMO observation classes under BFO process with no module edit.
sosa:Sensor	rdfs:subClassOf	BFO:0000040	Sensor	material entity	semapv:ManualMappingCuration	SOSA-REC:2017-10-19	BFO-2020:dd89f4a	Damien Huzard	0.7	registry-only	Placement entailed by the composed W3C SOSA-to-PROV-O and Prudhomme et al. 2025 PROV-O-to-BFO alignments (optional bridge profile, ADR-0005); HCMO asserts nothing about this SOSA term. Verified on the prefix-repaired alignment with HermiT; not an equivalence. Holds only on the carrier reading: the deployed running installation is the sensor and the code stays hcm-tech:Software; a direct HCMO assertion was rejected (SOSA sensors may be software). Pending co-author validation.
sosa:Result	rdfs:subClassOf	BFO:0000002	Result	continuant	semapv:ManualMappingCuration	SOSA-REC:2017-10-19	BFO-2020:dd89f4a	Damien Huzard	0.9	registry-only	Placement entailed by the composed W3C SOSA-to-PROV-O and Prudhomme et al. 2025 PROV-O-to-BFO alignments (optional bridge profile, ADR-0005); HCMO asserts nothing about this SOSA term. Verified on the prefix-repaired alignment with HermiT; not an equivalence. Only continuant follows, so physical specimens stay valid results.
sosa:Result	rdfs:subClassOf	IAO:0000030	Result	information content entity	semapv:ManualMappingCuration	SOSA-REC:2017-10-19	BFO-2020:dd89f4a	Damien Huzard	0	rejected	Rejected: SOSA results include physical samples (specimens), which are material entities. HCMO keeps hcm-obs:ObservationResult as the information-typed specialisation.
sosa:ObservableProperty	rdfs:subClassOf	BFO:0000002	Observable Property	continuant	semapv:ManualMappingCuration	SOSA-REC:2017-10-19	BFO-2020:dd89f4a	Damien Huzard	0.9	registry-only	Placement entailed by the composed W3C SOSA-to-PROV-O and Prudhomme et al. 2025 PROV-O-to-BFO alignments (optional bridge profile, ADR-0005); HCMO asserts nothing about this SOSA term. Verified on the prefix-repaired alignment with HermiT; not an equivalence.
sosa:ObservableProperty	rdfs:subClassOf	BFO:0000020	Observable Property	specifically dependent continuant	semapv:ManualMappingCuration	SOSA-REC:2017-10-19	BFO-2020:dd89f4a	Damien Huzard	0.4	deferred	Not added (ADR-0005 decision 8): not supported by the pinned SOSA 2017 definition, would add a sixth anchor to the five-anchor presentation, and SOSA 2023 deprecates the term. Revisit at an edition migration.
sosa:Procedure	rdfs:subClassOf	BFO:0000031	Procedure	generically dependent continuant	semapv:ManualMappingCuration	SOSA-REC:2017-10-19	BFO-2020:dd89f4a	Damien Huzard	0.9	registry-only	Placement entailed by the composed W3C SOSA-to-PROV-O and Prudhomme et al. 2025 PROV-O-to-BFO alignments (optional bridge profile, ADR-0005); HCMO asserts nothing about this SOSA term. Verified on the prefix-repaired alignment with HermiT; not an equivalence.
sosa:FeatureOfInterest	rdfs:subClassOf	BFO:0000002	Feature of Interest	continuant	semapv:ManualMappingCuration	SOSA-REC:2017-10-19	BFO-2020:dd89f4a	Damien Huzard	0.9	registry-only	Placement entailed by the composed W3C SOSA-to-PROV-O and Prudhomme et al. 2025 PROV-O-to-BFO alignments (optional bridge profile, ADR-0005); HCMO asserts nothing about this SOSA term. Verified on the prefix-repaired alignment with HermiT; not an equivalence. Consequence: a process cannot be a feature of interest (profile SHACL warning).
