# SYNTHETIC BEATBox trial table - DESIGNED for this evaluation (the GUI export format is not yet published); no real animals
box,animal_id,strain,sex,session_day,trial,task,trial_start,s_plus_side,pattern_left,pattern_right,response_side,correct,response_latency_s,reward_delivered,collection_latency_s,light_phase
1,BB-001,C57BL/6J,male,5,1,two-choice visual discrimination (touch screens),2026-06-02T17:11:08+02:00,left,3,7,left,1,6.25,1,4.31,light
1,BB-001,C57BL/6J,male,5,2,two-choice visual discrimination (touch screens),2026-06-02T17:17:29+02:00,left,3,7,left,1,5.98,1,4.43,light
1,BB-001,C57BL/6J,male,5,3,two-choice visual discrimination (touch screens),2026-06-02T17:29:39+02:00,left,3,7,left,1,8.12,1,2.76,light
1,BB-001,C57BL/6J,male,5,4,two-choice visual discrimination (touch screens),2026-06-02T17:39:34+02:00,left,3,7,left,1,3.59,1,4.74,light
1,BB-001,C57BL/6J,male,5,5,two-choice visual discrimination (touch screens),2026-06-02T17:53:41+02:00,left,3,7,right,0,2.12,0,,light
1,BB-001,C57BL/6J,male,5,6,two-choice visual discrimination (touch screens),2026-06-02T18:07:14+02:00,left,3,7,left,1,9.12,1,4.79,light
1,BB-001,C57BL/6J,male,5,7,two-choice visual discrimination (touch screens),2026-06-02T18:09:05+02:00,left,3,7,left,1,4.50,1,5.58,light
1,BB-001,C57BL/6J,male,5,8,two-choice visual discrimination (touch screens),2026-06-02T18:18:32+02:00,left,3,7,left,1,9.35,1,2.99,light
1,BB-001,C57BL/6J,male,5,9,two-choice visual discrimination (touch screens),2026-06-02T18:27:47+02:00,left,3,7,left,1,3.68,1,1.36,light
1,BB-001,C57BL/6J,male,5,10,two-choice visual discrimination (touch screens),2026-06-02T18:42:25+02:00,left,3,7,left,1,3.69,1,5.41,light
1,BB-001,C57BL/6J,male,5,11,two-choice visual discrimination (touch screens),2026-06-02T18:57:05+02:00,left,3,7,left,1,6.76,1,4.22,light
1,BB-001,C57BL/6J,male,5,12,two-choice visual discrimination (touch screens),2026-06-02T19:07:41+02:00,left,3,7,right,0,6.28,0,,dark
1,BB-001,C57BL/6J,male,5,13,two-choice visual discrimination (touch screens),2026-06-02T19:15:12+02:00,left,3,7,left,1,1.12,1,2.57,dark
1,BB-001,C57BL/6J,male,5,14,two-choice visual discrimination (touch screens),2026-06-02T19:18:03+02:00,left,3,7,left,1,6.27,1,4.87,dark
1,BB-001,C57BL/6J,male,5,15,two-choice visual discrimination (touch screens),2026-06-02T19:24:21+02:00,left,3,7,left,1,2.19,1,3.07,dark
1,BB-001,C57BL/6J,male,5,16,two-choice visual discrimination (touch screens),2026-06-02T19:25:59+02:00,left,3,7,left,1,4.95,1,1.99,dark
1,BB-001,C57BL/6J,male,5,17,two-choice visual discrimination (touch screens),2026-06-02T19:30:22+02:00,left,3,7,left,1,5.79,1,2.64,dark
1,BB-001,C57BL/6J,male,5,18,two-choice visual discrimination (touch screens),2026-06-02T19:37:48+02:00,left,3,7,left,1,3.72,1,5.77,dark
1,BB-001,C57BL/6J,male,5,19,two-choice visual discrimination (touch screens),2026-06-02T19:41:02+02:00,left,3,7,left,1,6.45,1,5.29,dark
1,BB-001,C57BL/6J,male,5,20,two-choice visual discrimination (touch screens),2026-06-02T19:43:21+02:00,left,3,7,left,1,1.61,1,3.07,dark
1,BB-001,C57BL/6J,male,5,21,two-choice visual discrimination (touch screens),2026-06-02T19:46:21+02:00,left,3,7,left,1,5.29,1,3.14,dark
1,BB-001,C57BL/6J,male,5,22,two-choice visual discrimination (touch screens),2026-06-02T19:50:55+02:00,left,3,7,left,1,0.86,1,4.22,dark
1,BB-001,C57BL/6J,male,5,23,two-choice visual discrimination (touch screens),2026-06-02T19:55:54+02:00,left,3,7,left,1,2.14,1,4.29,dark
1,BB-001,C57BL/6J,male,5,24,two-choice visual discrimination (touch screens),2026-06-02T19:58:45+02:00,left,3,7,left,1,1.96,1,3.24,dark
1,BB-001,C57BL/6J,male,5,25,two-choice visual discrimination (touch screens),2026-06-02T19:59:40+02:00,left,3,7,right,0,1.01,0,,dark
1,BB-001,C57BL/6J,male,5,26,two-choice visual discrimination (touch screens),2026-06-02T20:02:14+02:00,left,3,7,left,1,4.62,1,5.34,dark
1,BB-001,C57BL/6J,male,5,27,two-choice visual discrimination (touch screens),2026-06-02T20:07:49+02:00,left,3,7,left,1,5.80,1,5.20,dark
1,BB-001,C57BL/6J,male,5,28,two-choice visual discrimination (touch screens),2026-06-02T20:10:54+02:00,left,3,7,left,1,5.82,1,3.27,dark
1,BB-001,C57BL/6J,male,5,29,two-choice visual discrimination (touch screens),2026-06-02T20:14:12+02:00,left,3,7,left,1,0.81,1,4.08,dark
1,BB-001,C57BL/6J,male,5,30,two-choice visual discrimination (touch screens),2026-06-02T20:20:19+02:00,left,3,7,left,1,3.14,1,1.53,dark
1,BB-001,C57BL/6J,male,5,31,two-choice visual discrimination (touch screens),2026-06-02T20:27:43+02:00,left,3,7,left,1,1.04,1,2.56,dark
1,BB-001,C57BL/6J,male,5,32,two-choice visual discrimination (touch screens),2026-06-02T20:31:38+02:00,left,3,7,left,1,3.65,1,1.17,dark
1,BB-001,C57BL/6J,male,5,33,two-choice visual discrimination (touch screens),2026-06-02T20:34:33+02:00,left,3,7,left,1,3.27,1,4.37,dark
1,BB-001,C57BL/6J,male,5,34,two-choice visual discrimination (touch screens),2026-06-02T20:40:37+02:00,left,3,7,left,1,5.81,1,5.29,dark
1,BB-001,C57BL/6J,male,5,35,two-choice visual discrimination (touch screens),2026-06-02T20:45:07+02:00,left,3,7,left,1,1.03,1,4.71,dark
1,BB-001,C57BL/6J,male,5,36,two-choice visual discrimination (touch screens),2026-06-02T20:49:11+02:00,left,3,7,left,1,6.00,1,2.28,dark
1,BB-001,C57BL/6J,male,5,37,two-choice visual discrimination (touch screens),2026-06-02T20:54:46+02:00,left,3,7,right,0,6.22,0,,dark
1,BB-001,C57BL/6J,male,5,38,two-choice visual discrimination (touch screens),2026-06-02T20:55:38+02:00,left,3,7,left,1,4.58,1,4.82,dark
1,BB-001,C57BL/6J,male,5,39,two-choice visual discrimination (touch screens),2026-06-02T20:57:38+02:00,left,3,7,left,1,4.84,1,3.78,dark
1,BB-001,C57BL/6J,male,5,40,two-choice visual discrimination (touch screens),2026-06-02T20:59:11+02:00,left,3,7,right,0,1.84,0,,dark
1,BB-001,C57BL/6J,male,5,41,two-choice visual discrimination (touch screens),2026-06-02T21:04:59+02:00,left,3,7,left,1,1.06,1,5.06,dark
1,BB-001,C57BL/6J,male,5,42,two-choice visual discrimination (touch screens),2026-06-02T21:08:57+02:00,left,3,7,left,1,4.03,1,3.14,dark
1,BB-001,C57BL/6J,male,5,43,two-choice visual discrimination (touch screens),2026-06-02T21:16:01+02:00,left,3,7,left,1,0.68,1,3.14,dark
1,BB-001,C57BL/6J,male,5,44,two-choice visual discrimination (touch screens),2026-06-02T21:17:54+02:00,left,3,7,left,1,2.51,1,2.74,dark
1,BB-001,C57BL/6J,male,5,45,two-choice visual discrimination (touch screens),2026-06-02T21:23:43+02:00,left,3,7,left,1,6.63,1,3.31,dark
1,BB-001,C57BL/6J,male,5,46,two-choice visual discrimination (touch screens),2026-06-02T21:24:34+02:00,left,3,7,left,1,4.60,1,5.65,dark
1,BB-001,C57BL/6J,male,5,47,two-choice visual discrimination (touch screens),2026-06-02T21:26:32+02:00,left,3,7,left,1,5.56,1,1.85,dark
1,BB-001,C57BL/6J,male,5,48,two-choice visual discrimination (touch screens),2026-06-02T21:33:58+02:00,left,3,7,left,1,4.05,1,2.42,dark
1,BB-001,C57BL/6J,male,5,49,two-choice visual discrimination (touch screens),2026-06-02T21:34:57+02:00,left,3,7,left,1,5.81,1,5.80,dark
1,BB-001,C57BL/6J,male,5,50,two-choice visual discrimination (touch screens),2026-06-02T21:38:40+02:00,left,3,7,left,1,3.10,1,1.37,dark
1,BB-001,C57BL/6J,male,5,51,two-choice visual discrimination (touch screens),2026-06-02T21:43:59+02:00,left,3,7,right,0,3.96,0,,dark
1,BB-001,C57BL/6J,male,5,52,two-choice visual discrimination (touch screens),2026-06-02T21:49:18+02:00,left,3,7,left,1,6.04,1,2.01,dark
1,BB-001,C57BL/6J,male,5,53,two-choice visual discrimination (touch screens),2026-06-02T21:54:32+02:00,left,3,7,right,0,1.73,0,,dark
1,BB-001,C57BL/6J,male,5,54,two-choice visual discrimination (touch screens),2026-06-02T21:55:29+02:00,left,3,7,left,1,5.07,1,5.21,dark
1,BB-001,C57BL/6J,male,5,55,two-choice visual discrimination (touch screens),2026-06-02T22:02:22+02:00,left,3,7,left,1,6.18,1,3.03,dark
1,BB-001,C57BL/6J,male,5,56,two-choice visual discrimination (touch screens),2026-06-02T22:03:12+02:00,left,3,7,left,1,2.30,1,1.67,dark
1,BB-001,C57BL/6J,male,5,57,two-choice visual discrimination (touch screens),2026-06-02T22:06:58+02:00,left,3,7,left,1,0.70,1,5.70,dark
1,BB-001,C57BL/6J,male,5,58,two-choice visual discrimination (touch screens),2026-06-02T22:09:03+02:00,left,3,7,left,1,0.74,1,2.30,dark
1,BB-001,C57BL/6J,male,5,59,two-choice visual discrimination (touch screens),2026-06-02T22:12:10+02:00,left,3,7,left,1,1.57,1,1.70,dark
1,BB-001,C57BL/6J,male,5,60,two-choice visual discrimination (touch screens),2026-06-02T22:13:55+02:00,left,3,7,left,1,3.98,1,1.24,dark
1,BB-001,C57BL/6J,male,5,61,two-choice visual discrimination (touch screens),2026-06-02T22:16:20+02:00,left,3,7,left,1,2.26,1,1.44,dark
1,BB-001,C57BL/6J,male,5,62,two-choice visual discrimination (touch screens),2026-06-02T22:17:58+02:00,left,3,7,left,1,5.24,1,4.14,dark
1,BB-001,C57BL/6J,male,5,63,two-choice visual discrimination (touch screens),2026-06-02T22:22:19+02:00,left,3,7,right,0,5.99,0,,dark
1,BB-001,C57BL/6J,male,5,64,two-choice visual discrimination (touch screens),2026-06-02T22:28:48+02:00,left,3,7,left,1,5.53,1,1.42,dark
1,BB-001,C57BL/6J,male,5,65,two-choice visual discrimination (touch screens),2026-06-02T22:32:46+02:00,left,3,7,left,1,4.53,1,5.75,dark
1,BB-001,C57BL/6J,male,5,66,two-choice visual discrimination (touch screens),2026-06-02T22:34:04+02:00,left,3,7,right,0,6.58,0,,dark
1,BB-001,C57BL/6J,male,5,67,two-choice visual discrimination (touch screens),2026-06-02T22:37:14+02:00,left,3,7,left,1,5.56,1,4.61,dark
1,BB-001,C57BL/6J,male,5,68,two-choice visual discrimination (touch screens),2026-06-02T22:44:00+02:00,left,3,7,left,1,6.62,1,5.68,dark
1,BB-001,C57BL/6J,male,5,69,two-choice visual discrimination (touch screens),2026-06-02T22:50:18+02:00,left,3,7,left,1,4.77,1,2.89,dark
1,BB-001,C57BL/6J,male,5,70,two-choice visual discrimination (touch screens),2026-06-02T22:51:55+02:00,left,3,7,left,1,6.33,1,3.75,dark
1,BB-001,C57BL/6J,male,5,71,two-choice visual discrimination (touch screens),2026-06-02T22:56:58+02:00,left,3,7,left,1,4.83,1,5.06,dark
2,BB-002,BALB/cJ,female,5,1,two-choice visual discrimination (touch screens),2026-06-02T17:29:07+02:00,right,7,3,left,0,5.92,0,,light
2,BB-002,BALB/cJ,female,5,2,two-choice visual discrimination (touch screens),2026-06-02T17:42:48+02:00,right,7,3,right,1,4.05,1,2.60,light
2,BB-002,BALB/cJ,female,5,3,two-choice visual discrimination (touch screens),2026-06-02T17:57:08+02:00,right,7,3,left,0,7.66,0,,light
2,BB-002,BALB/cJ,female,5,4,two-choice visual discrimination (touch screens),2026-06-02T18:11:30+02:00,right,7,3,left,0,3.78,0,,light
2,BB-002,BALB/cJ,female,5,5,two-choice visual discrimination (touch screens),2026-06-02T18:25:12+02:00,right,7,3,right,1,6.12,1,4.91,light
2,BB-002,BALB/cJ,female,5,6,two-choice visual discrimination (touch screens),2026-06-02T18:31:53+02:00,right,7,3,left,0,5.22,0,,light
2,BB-002,BALB/cJ,female,5,7,two-choice visual discrimination (touch screens),2026-06-02T18:34:02+02:00,right,7,3,right,1,4.72,1,5.61,light
2,BB-002,BALB/cJ,female,5,8,two-choice visual discrimination (touch screens),2026-06-02T18:38:00+02:00,right,7,3,right,1,2.12,1,4.68,light
2,BB-002,BALB/cJ,female,5,9,two-choice visual discrimination (touch screens),2026-06-02T18:49:47+02:00,right,7,3,right,1,4.94,1,2.90,light
2,BB-002,BALB/cJ,female,5,10,two-choice visual discrimination (touch screens),2026-06-02T19:01:06+02:00,right,7,3,left,0,4.50,0,,dark
2,BB-002,BALB/cJ,female,5,11,two-choice visual discrimination (touch screens),2026-06-02T19:05:07+02:00,right,7,3,left,0,0.77,0,,dark
2,BB-002,BALB/cJ,female,5,12,two-choice visual discrimination (touch screens),2026-06-02T19:12:24+02:00,right,7,3,right,1,4.63,1,6.00,dark
2,BB-002,BALB/cJ,female,5,13,two-choice visual discrimination (touch screens),2026-06-02T19:19:43+02:00,right,7,3,right,1,4.75,1,1.03,dark
2,BB-002,BALB/cJ,female,5,14,two-choice visual discrimination (touch screens),2026-06-02T19:23:56+02:00,right,7,3,right,1,2.67,1,4.08,dark
2,BB-002,BALB/cJ,female,5,15,two-choice visual discrimination (touch screens),2026-06-02T19:31:09+02:00,right,7,3,right,1,4.05,1,5.01,dark
2,BB-002,BALB/cJ,female,5,16,two-choice visual discrimination (touch screens),2026-06-02T19:36:20+02:00,right,7,3,right,1,3.10,1,0.87,dark
2,BB-002,BALB/cJ,female,5,17,two-choice visual discrimination (touch screens),2026-06-02T19:42:53+02:00,right,7,3,right,1,4.87,1,1.67,dark
2,BB-002,BALB/cJ,female,5,18,two-choice visual discrimination (touch screens),2026-06-02T19:48:27+02:00,right,7,3,right,1,4.07,1,4.25,dark
2,BB-002,BALB/cJ,female,5,19,two-choice visual discrimination (touch screens),2026-06-02T19:54:26+02:00,right,7,3,right,1,5.51,1,4.10,dark
2,BB-002,BALB/cJ,female,5,20,two-choice visual discrimination (touch screens),2026-06-02T19:55:54+02:00,right,7,3,right,1,6.22,1,3.73,dark
2,BB-002,BALB/cJ,female,5,21,two-choice visual discrimination (touch screens),2026-06-02T20:00:25+02:00,right,7,3,right,1,1.80,1,5.21,dark
2,BB-002,BALB/cJ,female,5,22,two-choice visual discrimination (touch screens),2026-06-02T20:06:14+02:00,right,7,3,right,1,4.51,1,2.31,dark
2,BB-002,BALB/cJ,female,5,23,two-choice visual discrimination (touch screens),2026-06-02T20:09:07+02:00,right,7,3,right,1,3.57,1,2.75,dark
2,BB-002,BALB/cJ,female,5,24,two-choice visual discrimination (touch screens),2026-06-02T20:11:55+02:00,right,7,3,right,1,5.81,1,3.19,dark
2,BB-002,BALB/cJ,female,5,25,two-choice visual discrimination (touch screens),2026-06-02T20:16:32+02:00,right,7,3,right,1,3.27,1,5.26,dark
2,BB-002,BALB/cJ,female,5,26,two-choice visual discrimination (touch screens),2026-06-02T20:18:15+02:00,right,7,3,right,1,3.28,1,2.32,dark
2,BB-002,BALB/cJ,female,5,27,two-choice visual discrimination (touch screens),2026-06-02T20:19:37+02:00,right,7,3,right,1,2.70,1,3.65,dark
2,BB-002,BALB/cJ,female,5,28,two-choice visual discrimination (touch screens),2026-06-02T20:26:20+02:00,right,7,3,left,0,0.93,0,,dark
2,BB-002,BALB/cJ,female,5,29,two-choice visual discrimination (touch screens),2026-06-02T20:33:42+02:00,right,7,3,left,0,0.77,0,,dark
2,BB-002,BALB/cJ,female,5,30,two-choice visual discrimination (touch screens),2026-06-02T20:35:30+02:00,right,7,3,left,0,0.58,0,,dark
2,BB-002,BALB/cJ,female,5,31,two-choice visual discrimination (touch screens),2026-06-02T20:41:19+02:00,right,7,3,right,1,4.73,1,2.47,dark
2,BB-002,BALB/cJ,female,5,32,two-choice visual discrimination (touch screens),2026-06-02T20:45:33+02:00,right,7,3,right,1,5.71,1,4.24,dark
2,BB-002,BALB/cJ,female,5,33,two-choice visual discrimination (touch screens),2026-06-02T20:50:55+02:00,right,7,3,right,1,2.50,1,3.39,dark
2,BB-002,BALB/cJ,female,5,34,two-choice visual discrimination (touch screens),2026-06-02T20:52:04+02:00,right,7,3,left,0,2.60,0,,dark
2,BB-002,BALB/cJ,female,5,35,two-choice visual discrimination (touch screens),2026-06-02T20:58:49+02:00,right,7,3,left,0,0.65,0,,dark
2,BB-002,BALB/cJ,female,5,36,two-choice visual discrimination (touch screens),2026-06-02T21:05:40+02:00,right,7,3,right,1,6.04,1,1.71,dark
2,BB-002,BALB/cJ,female,5,37,two-choice visual discrimination (touch screens),2026-06-02T21:12:46+02:00,right,7,3,right,1,5.90,1,1.68,dark
2,BB-002,BALB/cJ,female,5,38,two-choice visual discrimination (touch screens),2026-06-02T21:16:00+02:00,right,7,3,right,1,1.23,1,4.36,dark
2,BB-002,BALB/cJ,female,5,39,two-choice visual discrimination (touch screens),2026-06-02T21:19:46+02:00,right,7,3,right,1,3.62,1,5.82,dark
2,BB-002,BALB/cJ,female,5,40,two-choice visual discrimination (touch screens),2026-06-02T21:20:43+02:00,right,7,3,right,1,3.95,1,3.80,dark
2,BB-002,BALB/cJ,female,5,41,two-choice visual discrimination (touch screens),2026-06-02T21:25:22+02:00,right,7,3,right,1,3.39,1,5.71,dark
2,BB-002,BALB/cJ,female,5,42,two-choice visual discrimination (touch screens),2026-06-02T21:32:03+02:00,right,7,3,right,1,3.63,1,4.13,dark
2,BB-002,BALB/cJ,female,5,43,two-choice visual discrimination (touch screens),2026-06-02T21:36:47+02:00,right,7,3,right,1,3.98,1,5.79,dark
2,BB-002,BALB/cJ,female,5,44,two-choice visual discrimination (touch screens),2026-06-02T21:42:33+02:00,right,7,3,right,1,2.30,1,5.85,dark
2,BB-002,BALB/cJ,female,5,45,two-choice visual discrimination (touch screens),2026-06-02T21:45:10+02:00,right,7,3,right,1,1.77,1,2.91,dark
2,BB-002,BALB/cJ,female,5,46,two-choice visual discrimination (touch screens),2026-06-02T21:51:51+02:00,right,7,3,left,0,0.85,0,,dark
2,BB-002,BALB/cJ,female,5,47,two-choice visual discrimination (touch screens),2026-06-02T21:56:46+02:00,right,7,3,right,1,3.64,1,5.74,dark
2,BB-002,BALB/cJ,female,5,48,two-choice visual discrimination (touch screens),2026-06-02T21:57:58+02:00,right,7,3,right,1,3.09,1,2.73,dark
2,BB-002,BALB/cJ,female,5,49,two-choice visual discrimination (touch screens),2026-06-02T22:04:10+02:00,right,7,3,left,0,3.00,0,,dark
2,BB-002,BALB/cJ,female,5,50,two-choice visual discrimination (touch screens),2026-06-02T22:05:03+02:00,right,7,3,left,0,4.12,0,,dark
2,BB-002,BALB/cJ,female,5,51,two-choice visual discrimination (touch screens),2026-06-02T22:07:17+02:00,right,7,3,left,0,2.90,0,,dark
2,BB-002,BALB/cJ,female,5,52,two-choice visual discrimination (touch screens),2026-06-02T22:10:55+02:00,right,7,3,right,1,6.43,1,3.82,dark
2,BB-002,BALB/cJ,female,5,53,two-choice visual discrimination (touch screens),2026-06-02T22:12:19+02:00,right,7,3,left,0,4.54,0,,dark
2,BB-002,BALB/cJ,female,5,54,two-choice visual discrimination (touch screens),2026-06-02T22:13:02+02:00,right,7,3,left,0,3.30,0,,dark
2,BB-002,BALB/cJ,female,5,55,two-choice visual discrimination (touch screens),2026-06-02T22:17:33+02:00,right,7,3,right,1,4.85,1,4.50,dark
2,BB-002,BALB/cJ,female,5,56,two-choice visual discrimination (touch screens),2026-06-02T22:22:21+02:00,right,7,3,left,0,5.50,0,,dark
2,BB-002,BALB/cJ,female,5,57,two-choice visual discrimination (touch screens),2026-06-02T22:27:21+02:00,right,7,3,right,1,4.97,1,2.53,dark
2,BB-002,BALB/cJ,female,5,58,two-choice visual discrimination (touch screens),2026-06-02T22:32:34+02:00,right,7,3,right,1,5.35,1,1.08,dark
2,BB-002,BALB/cJ,female,5,59,two-choice visual discrimination (touch screens),2026-06-02T22:37:38+02:00,right,7,3,left,0,2.99,0,,dark
2,BB-002,BALB/cJ,female,5,60,two-choice visual discrimination (touch screens),2026-06-02T22:43:56+02:00,right,7,3,left,0,4.88,0,,dark
2,BB-002,BALB/cJ,female,5,61,two-choice visual discrimination (touch screens),2026-06-02T22:46:09+02:00,right,7,3,right,1,0.89,1,2.61,dark
2,BB-002,BALB/cJ,female,5,62,two-choice visual discrimination (touch screens),2026-06-02T22:53:25+02:00,right,7,3,right,1,6.21,1,2.99,dark
2,BB-002,BALB/cJ,female,5,63,two-choice visual discrimination (touch screens),2026-06-02T22:58:41+02:00,right,7,3,right,1,3.85,1,5.57,dark
3,BB-003,DBA/2J,male,5,1,two-choice visual discrimination (touch screens),2026-06-02T17:20:47+02:00,left,3,7,left,1,7.85,1,2.74,light
3,BB-003,DBA/2J,male,5,2,two-choice visual discrimination (touch screens),2026-06-02T17:28:30+02:00,left,3,7,left,1,2.20,1,5.52,light
3,BB-003,DBA/2J,male,5,3,two-choice visual discrimination (touch screens),2026-06-02T17:38:45+02:00,left,3,7,left,1,4.45,1,3.61,light
3,BB-003,DBA/2J,male,5,4,two-choice visual discrimination (touch screens),2026-06-02T17:44:05+02:00,left,3,7,left,1,5.59,1,5.99,light
3,BB-003,DBA/2J,male,5,5,two-choice visual discrimination (touch screens),2026-06-02T17:56:41+02:00,left,3,7,left,1,2.57,1,5.88,light
3,BB-003,DBA/2J,male,5,6,two-choice visual discrimination (touch screens),2026-06-02T17:59:29+02:00,left,3,7,left,1,4.16,1,1.24,light
3,BB-003,DBA/2J,male,5,7,two-choice visual discrimination (touch screens),2026-06-02T18:12:25+02:00,left,3,7,right,0,9.04,0,,light
3,BB-003,DBA/2J,male,5,8,two-choice visual discrimination (touch screens),2026-06-02T18:23:19+02:00,left,3,7,right,0,9.29,0,,light
3,BB-003,DBA/2J,male,5,9,two-choice visual discrimination (touch screens),2026-06-02T18:38:18+02:00,left,3,7,left,1,5.58,1,4.86,light
3,BB-003,DBA/2J,male,5,10,two-choice visual discrimination (touch screens),2026-06-02T18:49:17+02:00,left,3,7,left,1,4.89,1,4.26,light
3,BB-003,DBA/2J,male,5,11,two-choice visual discrimination (touch screens),2026-06-02T18:59:52+02:00,left,3,7,left,1,8.00,1,3.65,light
3,BB-003,DBA/2J,male,5,12,two-choice visual discrimination (touch screens),2026-06-02T19:10:11+02:00,left,3,7,left,1,4.72,1,2.80,dark
3,BB-003,DBA/2J,male,5,13,two-choice visual discrimination (touch screens),2026-06-02T19:12:57+02:00,left,3,7,right,0,3.07,0,,dark
3,BB-003,DBA/2J,male,5,14,two-choice visual discrimination (touch screens),2026-06-02T19:15:58+02:00,left,3,7,right,0,3.07,0,,dark
3,BB-003,DBA/2J,male,5,15,two-choice visual discrimination (touch screens),2026-06-02T19:20:42+02:00,left,3,7,left,1,6.10,1,3.11,dark
3,BB-003,DBA/2J,male,5,16,two-choice visual discrimination (touch screens),2026-06-02T19:26:38+02:00,left,3,7,left,1,4.27,1,3.22,dark
3,BB-003,DBA/2J,male,5,17,two-choice visual discrimination (touch screens),2026-06-02T19:31:08+02:00,left,3,7,left,1,4.15,1,5.09,dark
3,BB-003,DBA/2J,male,5,18,two-choice visual discrimination (touch screens),2026-06-02T19:33:37+02:00,left,3,7,left,1,0.92,1,5.06,dark
3,BB-003,DBA/2J,male,5,19,two-choice visual discrimination (touch screens),2026-06-02T19:37:47+02:00,left,3,7,right,0,4.92,0,,dark
3,BB-003,DBA/2J,male,5,20,two-choice visual discrimination (touch screens),2026-06-02T19:45:15+02:00,left,3,7,left,1,2.55,1,5.52,dark
3,BB-003,DBA/2J,male,5,21,two-choice visual discrimination (touch screens),2026-06-02T19:48:20+02:00,left,3,7,right,0,1.08,0,,dark
3,BB-003,DBA/2J,male,5,22,two-choice visual discrimination (touch screens),2026-06-02T19:49:56+02:00,left,3,7,left,1,5.94,1,5.86,dark
3,BB-003,DBA/2J,male,5,23,two-choice visual discrimination (touch screens),2026-06-02T19:51:23+02:00,left,3,7,left,1,2.49,1,1.58,dark
3,BB-003,DBA/2J,male,5,24,two-choice visual discrimination (touch screens),2026-06-02T19:53:05+02:00,left,3,7,left,1,1.46,1,5.07,dark
3,BB-003,DBA/2J,male,5,25,two-choice visual discrimination (touch screens),2026-06-02T20:00:01+02:00,left,3,7,left,1,5.07,1,2.77,dark
3,BB-003,DBA/2J,male,5,26,two-choice visual discrimination (touch screens),2026-06-02T20:05:57+02:00,left,3,7,left,1,1.33,1,4.74,dark
3,BB-003,DBA/2J,male,5,27,two-choice visual discrimination (touch screens),2026-06-02T20:08:44+02:00,left,3,7,left,1,1.80,1,2.80,dark
3,BB-003,DBA/2J,male,5,28,two-choice visual discrimination (touch screens),2026-06-02T20:15:13+02:00,left,3,7,left,1,4.68,1,1.86,dark
3,BB-003,DBA/2J,male,5,29,two-choice visual discrimination (touch screens),2026-06-02T20:19:17+02:00,left,3,7,right,0,1.56,0,,dark
3,BB-003,DBA/2J,male,5,30,two-choice visual discrimination (touch screens),2026-06-02T20:20:08+02:00,left,3,7,left,1,2.85,1,3.49,dark
3,BB-003,DBA/2J,male,5,31,two-choice visual discrimination (touch screens),2026-06-02T20:26:41+02:00,left,3,7,left,1,1.58,1,5.64,dark
3,BB-003,DBA/2J,male,5,32,two-choice visual discrimination (touch screens),2026-06-02T20:28:37+02:00,left,3,7,left,1,0.84,1,1.38,dark
3,BB-003,DBA/2J,male,5,33,two-choice visual discrimination (touch screens),2026-06-02T20:34:02+02:00,left,3,7,left,1,1.27,1,1.77,dark
3,BB-003,DBA/2J,male,5,34,two-choice visual discrimination (touch screens),2026-06-02T20:35:31+02:00,left,3,7,left,1,3.14,1,2.59,dark
3,BB-003,DBA/2J,male,5,35,two-choice visual discrimination (touch screens),2026-06-02T20:38:13+02:00,left,3,7,left,1,3.59,1,2.01,dark
3,BB-003,DBA/2J,male,5,36,two-choice visual discrimination (touch screens),2026-06-02T20:43:01+02:00,left,3,7,left,1,6.12,1,5.01,dark
3,BB-003,DBA/2J,male,5,37,two-choice visual discrimination (touch screens),2026-06-02T20:48:27+02:00,left,3,7,left,1,3.67,1,3.39,dark
3,BB-003,DBA/2J,male,5,38,two-choice visual discrimination (touch screens),2026-06-02T20:50:03+02:00,left,3,7,left,1,5.46,1,4.61,dark
3,BB-003,DBA/2J,male,5,39,two-choice visual discrimination (touch screens),2026-06-02T20:55:35+02:00,left,3,7,left,1,5.20,1,1.97,dark
3,BB-003,DBA/2J,male,5,40,two-choice visual discrimination (touch screens),2026-06-02T20:58:23+02:00,left,3,7,left,1,3.34,1,2.03,dark
3,BB-003,DBA/2J,male,5,41,two-choice visual discrimination (touch screens),2026-06-02T21:03:06+02:00,left,3,7,right,0,0.93,0,,dark
3,BB-003,DBA/2J,male,5,42,two-choice visual discrimination (touch screens),2026-06-02T21:09:05+02:00,left,3,7,left,1,2.37,1,3.81,dark
3,BB-003,DBA/2J,male,5,43,two-choice visual discrimination (touch screens),2026-06-02T21:12:54+02:00,left,3,7,right,0,5.37,0,,dark
3,BB-003,DBA/2J,male,5,44,two-choice visual discrimination (touch screens),2026-06-02T21:14:15+02:00,left,3,7,left,1,6.22,1,5.65,dark
3,BB-003,DBA/2J,male,5,45,two-choice visual discrimination (touch screens),2026-06-02T21:18:47+02:00,left,3,7,left,1,3.38,1,5.17,dark
3,BB-003,DBA/2J,male,5,46,two-choice visual discrimination (touch screens),2026-06-02T21:22:34+02:00,left,3,7,left,1,2.39,1,3.32,dark
3,BB-003,DBA/2J,male,5,47,two-choice visual discrimination (touch screens),2026-06-02T21:28:22+02:00,left,3,7,left,1,5.24,1,4.40,dark
3,BB-003,DBA/2J,male,5,48,two-choice visual discrimination (touch screens),2026-06-02T21:29:27+02:00,left,3,7,right,0,6.58,0,,dark
3,BB-003,DBA/2J,male,5,49,two-choice visual discrimination (touch screens),2026-06-02T21:31:06+02:00,left,3,7,right,0,2.59,0,,dark
3,BB-003,DBA/2J,male,5,50,two-choice visual discrimination (touch screens),2026-06-02T21:34:52+02:00,left,3,7,right,0,3.10,0,,dark
3,BB-003,DBA/2J,male,5,51,two-choice visual discrimination (touch screens),2026-06-02T21:38:03+02:00,left,3,7,left,1,3.96,1,3.47,dark
3,BB-003,DBA/2J,male,5,52,two-choice visual discrimination (touch screens),2026-06-02T21:39:48+02:00,left,3,7,right,0,3.49,0,,dark
3,BB-003,DBA/2J,male,5,53,two-choice visual discrimination (touch screens),2026-06-02T21:44:37+02:00,left,3,7,left,1,6.16,1,5.07,dark
3,BB-003,DBA/2J,male,5,54,two-choice visual discrimination (touch screens),2026-06-02T21:45:20+02:00,left,3,7,left,1,4.38,1,4.48,dark
3,BB-003,DBA/2J,male,5,55,two-choice visual discrimination (touch screens),2026-06-02T21:52:40+02:00,left,3,7,left,1,2.35,1,3.54,dark
3,BB-003,DBA/2J,male,5,56,two-choice visual discrimination (touch screens),2026-06-02T21:56:09+02:00,left,3,7,left,1,3.84,1,2.22,dark
3,BB-003,DBA/2J,male,5,57,two-choice visual discrimination (touch screens),2026-06-02T21:57:50+02:00,left,3,7,right,0,3.42,0,,dark
3,BB-003,DBA/2J,male,5,58,two-choice visual discrimination (touch screens),2026-06-02T22:04:04+02:00,left,3,7,left,1,2.50,1,1.47,dark
3,BB-003,DBA/2J,male,5,59,two-choice visual discrimination (touch screens),2026-06-02T22:09:42+02:00,left,3,7,left,1,0.81,1,3.31,dark
3,BB-003,DBA/2J,male,5,60,two-choice visual discrimination (touch screens),2026-06-02T22:15:09+02:00,left,3,7,left,1,1.10,1,5.14,dark
3,BB-003,DBA/2J,male,5,61,two-choice visual discrimination (touch screens),2026-06-02T22:19:18+02:00,left,3,7,left,1,3.69,1,4.88,dark
3,BB-003,DBA/2J,male,5,62,two-choice visual discrimination (touch screens),2026-06-02T22:21:44+02:00,left,3,7,left,1,1.82,1,3.54,dark
3,BB-003,DBA/2J,male,5,63,two-choice visual discrimination (touch screens),2026-06-02T22:22:40+02:00,left,3,7,right,0,1.61,0,,dark
3,BB-003,DBA/2J,male,5,64,two-choice visual discrimination (touch screens),2026-06-02T22:27:19+02:00,left,3,7,left,1,1.53,1,4.71,dark
3,BB-003,DBA/2J,male,5,65,two-choice visual discrimination (touch screens),2026-06-02T22:34:49+02:00,left,3,7,left,1,3.12,1,5.41,dark
3,BB-003,DBA/2J,male,5,66,two-choice visual discrimination (touch screens),2026-06-02T22:35:50+02:00,left,3,7,left,1,3.96,1,3.85,dark
3,BB-003,DBA/2J,male,5,67,two-choice visual discrimination (touch screens),2026-06-02T22:37:05+02:00,left,3,7,right,0,3.89,0,,dark
3,BB-003,DBA/2J,male,5,68,two-choice visual discrimination (touch screens),2026-06-02T22:38:06+02:00,left,3,7,right,0,6.20,0,,dark
3,BB-003,DBA/2J,male,5,69,two-choice visual discrimination (touch screens),2026-06-02T22:45:35+02:00,left,3,7,right,0,2.67,0,,dark
3,BB-003,DBA/2J,male,5,70,two-choice visual discrimination (touch screens),2026-06-02T22:49:46+02:00,left,3,7,right,0,2.69,0,,dark
3,BB-003,DBA/2J,male,5,71,two-choice visual discrimination (touch screens),2026-06-02T22:56:23+02:00,left,3,7,left,1,5.39,1,3.97,dark
4,BB-004,129S1/SvImJ,female,5,1,two-choice visual discrimination (touch screens),2026-06-02T17:16:55+02:00,right,7,3,right,1,4.06,1,2.14,light
4,BB-004,129S1/SvImJ,female,5,2,two-choice visual discrimination (touch screens),2026-06-02T17:27:03+02:00,right,7,3,right,1,3.49,1,4.86,light
4,BB-004,129S1/SvImJ,female,5,3,two-choice visual discrimination (touch screens),2026-06-02T17:40:03+02:00,right,7,3,right,1,2.35,1,5.94,light
4,BB-004,129S1/SvImJ,female,5,4,two-choice visual discrimination (touch screens),2026-06-02T17:41:27+02:00,right,7,3,right,1,6.19,1,5.18,light
4,BB-004,129S1/SvImJ,female,5,5,two-choice visual discrimination (touch screens),2026-06-02T17:47:03+02:00,right,7,3,right,1,5.45,1,4.91,light
4,BB-004,129S1/SvImJ,female,5,6,two-choice visual discrimination (touch screens),2026-06-02T17:58:40+02:00,right,7,3,right,1,6.49,1,2.03,light
4,BB-004,129S1/SvImJ,female,5,7,two-choice visual discrimination (touch screens),2026-06-02T18:12:57+02:00,right,7,3,left,0,3.59,0,,light
4,BB-004,129S1/SvImJ,female,5,8,two-choice visual discrimination (touch screens),2026-06-02T18:25:13+02:00,right,7,3,left,0,5.82,0,,light
4,BB-004,129S1/SvImJ,female,5,9,two-choice visual discrimination (touch screens),2026-06-02T18:33:20+02:00,right,7,3,right,1,2.10,1,1.72,light
4,BB-004,129S1/SvImJ,female,5,10,two-choice visual discrimination (touch screens),2026-06-02T18:34:30+02:00,right,7,3,right,1,8.03,1,1.80,light
4,BB-004,129S1/SvImJ,female,5,11,two-choice visual discrimination (touch screens),2026-06-02T18:37:22+02:00,right,7,3,right,1,0.89,1,3.57,light
4,BB-004,129S1/SvImJ,female,5,12,two-choice visual discrimination (touch screens),2026-06-02T18:48:14+02:00,right,7,3,left,0,5.69,0,,light
4,BB-004,129S1/SvImJ,female,5,13,two-choice visual discrimination (touch screens),2026-06-02T18:51:27+02:00,right,7,3,right,1,7.32,1,5.18,light
4,BB-004,129S1/SvImJ,female,5,14,two-choice visual discrimination (touch screens),2026-06-02T18:59:45+02:00,right,7,3,right,1,7.98,1,3.53,light
4,BB-004,129S1/SvImJ,female,5,15,two-choice visual discrimination (touch screens),2026-06-02T19:10:30+02:00,right,7,3,right,1,2.26,1,5.35,dark
4,BB-004,129S1/SvImJ,female,5,16,two-choice visual discrimination (touch screens),2026-06-02T19:13:03+02:00,right,7,3,left,0,5.04,0,,dark
4,BB-004,129S1/SvImJ,female,5,17,two-choice visual discrimination (touch screens),2026-06-02T19:15:47+02:00,right,7,3,right,1,4.98,1,2.60,dark
4,BB-004,129S1/SvImJ,female,5,18,two-choice visual discrimination (touch screens),2026-06-02T19:19:29+02:00,right,7,3,right,1,5.74,1,1.29,dark
4,BB-004,129S1/SvImJ,female,5,19,two-choice visual discrimination (touch screens),2026-06-02T19:20:42+02:00,right,7,3,left,0,2.77,0,,dark
4,BB-004,129S1/SvImJ,female,5,20,two-choice visual discrimination (touch screens),2026-06-02T19:26:09+02:00,right,7,3,left,0,1.71,0,,dark
4,BB-004,129S1/SvImJ,female,5,21,two-choice visual discrimination (touch screens),2026-06-02T19:27:00+02:00,right,7,3,right,1,3.57,1,5.00,dark
4,BB-004,129S1/SvImJ,female,5,22,two-choice visual discrimination (touch screens),2026-06-02T19:32:39+02:00,right,7,3,left,0,2.04,0,,dark
4,BB-004,129S1/SvImJ,female,5,23,two-choice visual discrimination (touch screens),2026-06-02T19:33:40+02:00,right,7,3,right,1,4.42,1,2.60,dark
4,BB-004,129S1/SvImJ,female,5,24,two-choice visual discrimination (touch screens),2026-06-02T19:39:39+02:00,right,7,3,right,1,2.26,1,5.23,dark
4,BB-004,129S1/SvImJ,female,5,25,two-choice visual discrimination (touch screens),2026-06-02T19:44:58+02:00,right,7,3,right,1,6.60,1,1.63,dark
4,BB-004,129S1/SvImJ,female,5,26,two-choice visual discrimination (touch screens),2026-06-02T19:52:13+02:00,right,7,3,right,1,2.37,1,3.94,dark
4,BB-004,129S1/SvImJ,female,5,27,two-choice visual discrimination (touch screens),2026-06-02T19:59:45+02:00,right,7,3,right,1,5.97,1,2.44,dark
4,BB-004,129S1/SvImJ,female,5,28,two-choice visual discrimination (touch screens),2026-06-02T20:01:03+02:00,right,7,3,right,1,1.48,1,3.91,dark
4,BB-004,129S1/SvImJ,female,5,29,two-choice visual discrimination (touch screens),2026-06-02T20:05:09+02:00,right,7,3,right,1,6.07,1,4.55,dark
4,BB-004,129S1/SvImJ,female,5,30,two-choice visual discrimination (touch screens),2026-06-02T20:12:36+02:00,right,7,3,left,0,4.25,0,,dark
4,BB-004,129S1/SvImJ,female,5,31,two-choice visual discrimination (touch screens),2026-06-02T20:19:14+02:00,right,7,3,right,1,5.63,1,4.85,dark
4,BB-004,129S1/SvImJ,female,5,32,two-choice visual discrimination (touch screens),2026-06-02T20:25:00+02:00,right,7,3,right,1,5.21,1,5.61,dark
4,BB-004,129S1/SvImJ,female,5,33,two-choice visual discrimination (touch screens),2026-06-02T20:29:02+02:00,right,7,3,left,0,5.93,0,,dark
4,BB-004,129S1/SvImJ,female,5,34,two-choice visual discrimination (touch screens),2026-06-02T20:29:38+02:00,right,7,3,right,1,2.34,1,3.43,dark
4,BB-004,129S1/SvImJ,female,5,35,two-choice visual discrimination (touch screens),2026-06-02T20:32:55+02:00,right,7,3,right,1,2.94,1,1.71,dark
4,BB-004,129S1/SvImJ,female,5,36,two-choice visual discrimination (touch screens),2026-06-02T20:36:13+02:00,right,7,3,right,1,5.61,1,3.16,dark
4,BB-004,129S1/SvImJ,female,5,37,two-choice visual discrimination (touch screens),2026-06-02T20:38:47+02:00,right,7,3,left,0,5.97,0,,dark
4,BB-004,129S1/SvImJ,female,5,38,two-choice visual discrimination (touch screens),2026-06-02T20:45:16+02:00,right,7,3,right,1,1.19,1,3.73,dark
4,BB-004,129S1/SvImJ,female,5,39,two-choice visual discrimination (touch screens),2026-06-02T20:50:58+02:00,right,7,3,left,0,0.71,0,,dark
4,BB-004,129S1/SvImJ,female,5,40,two-choice visual discrimination (touch screens),2026-06-02T20:57:22+02:00,right,7,3,right,1,1.88,1,1.55,dark
4,BB-004,129S1/SvImJ,female,5,41,two-choice visual discrimination (touch screens),2026-06-02T21:00:04+02:00,right,7,3,left,0,3.60,0,,dark
4,BB-004,129S1/SvImJ,female,5,42,two-choice visual discrimination (touch screens),2026-06-02T21:05:34+02:00,right,7,3,left,0,1.02,0,,dark
4,BB-004,129S1/SvImJ,female,5,43,two-choice visual discrimination (touch screens),2026-06-02T21:06:57+02:00,right,7,3,right,1,1.05,1,1.27,dark
4,BB-004,129S1/SvImJ,female,5,44,two-choice visual discrimination (touch screens),2026-06-02T21:13:15+02:00,right,7,3,left,0,3.31,0,,dark
4,BB-004,129S1/SvImJ,female,5,45,two-choice visual discrimination (touch screens),2026-06-02T21:17:29+02:00,right,7,3,right,1,6.21,1,5.97,dark
4,BB-004,129S1/SvImJ,female,5,46,two-choice visual discrimination (touch screens),2026-06-02T21:21:41+02:00,right,7,3,right,1,0.51,1,3.58,dark
4,BB-004,129S1/SvImJ,female,5,47,two-choice visual discrimination (touch screens),2026-06-02T21:24:56+02:00,right,7,3,right,1,2.38,1,1.62,dark
4,BB-004,129S1/SvImJ,female,5,48,two-choice visual discrimination (touch screens),2026-06-02T21:28:25+02:00,right,7,3,right,1,5.06,1,3.38,dark
4,BB-004,129S1/SvImJ,female,5,49,two-choice visual discrimination (touch screens),2026-06-02T21:33:21+02:00,right,7,3,right,1,5.18,1,2.80,dark
4,BB-004,129S1/SvImJ,female,5,50,two-choice visual discrimination (touch screens),2026-06-02T21:38:23+02:00,right,7,3,right,1,5.39,1,3.63,dark
4,BB-004,129S1/SvImJ,female,5,51,two-choice visual discrimination (touch screens),2026-06-02T21:45:02+02:00,right,7,3,right,1,2.77,1,2.66,dark
4,BB-004,129S1/SvImJ,female,5,52,two-choice visual discrimination (touch screens),2026-06-02T21:47:39+02:00,right,7,3,left,0,1.43,0,,dark
4,BB-004,129S1/SvImJ,female,5,53,two-choice visual discrimination (touch screens),2026-06-02T21:50:56+02:00,right,7,3,right,1,6.59,1,1.99,dark
4,BB-004,129S1/SvImJ,female,5,54,two-choice visual discrimination (touch screens),2026-06-02T21:56:34+02:00,right,7,3,right,1,5.39,1,5.21,dark
4,BB-004,129S1/SvImJ,female,5,55,two-choice visual discrimination (touch screens),2026-06-02T22:01:40+02:00,right,7,3,right,1,2.53,1,5.76,dark
4,BB-004,129S1/SvImJ,female,5,56,two-choice visual discrimination (touch screens),2026-06-02T22:03:55+02:00,right,7,3,right,1,3.80,1,1.52,dark
4,BB-004,129S1/SvImJ,female,5,57,two-choice visual discrimination (touch screens),2026-06-02T22:06:36+02:00,right,7,3,right,1,3.62,1,5.96,dark
4,BB-004,129S1/SvImJ,female,5,58,two-choice visual discrimination (touch screens),2026-06-02T22:10:18+02:00,right,7,3,right,1,4.16,1,1.48,dark
4,BB-004,129S1/SvImJ,female,5,59,two-choice visual discrimination (touch screens),2026-06-02T22:17:18+02:00,right,7,3,right,1,6.51,1,4.38,dark
4,BB-004,129S1/SvImJ,female,5,60,two-choice visual discrimination (touch screens),2026-06-02T22:23:18+02:00,right,7,3,right,1,1.73,1,3.49,dark
4,BB-004,129S1/SvImJ,female,5,61,two-choice visual discrimination (touch screens),2026-06-02T22:27:05+02:00,right,7,3,right,1,0.76,1,4.64,dark
4,BB-004,129S1/SvImJ,female,5,62,two-choice visual discrimination (touch screens),2026-06-02T22:28:03+02:00,right,7,3,left,0,0.88,0,,dark
4,BB-004,129S1/SvImJ,female,5,63,two-choice visual discrimination (touch screens),2026-06-02T22:34:39+02:00,right,7,3,left,0,3.21,0,,dark
4,BB-004,129S1/SvImJ,female,5,64,two-choice visual discrimination (touch screens),2026-06-02T22:35:22+02:00,right,7,3,left,0,0.81,0,,dark
4,BB-004,129S1/SvImJ,female,5,65,two-choice visual discrimination (touch screens),2026-06-02T22:37:09+02:00,right,7,3,left,0,2.78,0,,dark
4,BB-004,129S1/SvImJ,female,5,66,two-choice visual discrimination (touch screens),2026-06-02T22:39:59+02:00,right,7,3,right,1,4.71,1,5.21,dark
4,BB-004,129S1/SvImJ,female,5,67,two-choice visual discrimination (touch screens),2026-06-02T22:41:42+02:00,right,7,3,right,1,3.09,1,5.18,dark
4,BB-004,129S1/SvImJ,female,5,68,two-choice visual discrimination (touch screens),2026-06-02T22:42:56+02:00,right,7,3,right,1,4.24,1,2.02,dark
4,BB-004,129S1/SvImJ,female,5,69,two-choice visual discrimination (touch screens),2026-06-02T22:45:56+02:00,right,7,3,left,0,4.91,0,,dark
4,BB-004,129S1/SvImJ,female,5,70,two-choice visual discrimination (touch screens),2026-06-02T22:53:17+02:00,right,7,3,right,1,0.77,1,4.11,dark
