SYNTHETIC TSE PhenoMaster/LabMaster table export - schema-faithful mock generated by generate_hcmo_instance.py; no real animals
Interval: 15 min; Boxes: 4; Start: 02.06.2026 17:00:00 (UTC+02:00)
Date;Time;Animal No.;Box;Weight [g];Drink1 [ml];Feed1 [g];O2 [%];CO2 [%];Temp [°C];VO2(1) [ml/h];VCO2(1) [ml/h];RER;H(1) [kcal/h];XT+YT [Cnt];Z [Cnt]
02.06.2026;17:00:00;1;1;24.3;0.04;0.03;20.68;0.43;22.7;55.0;44.7;0.81;0.266;120;5
02.06.2026;17:00:00;2;2;25.1;0.00;0.04;20.75;0.34;22.8;63.3;52.3;0.83;0.307;85;8
02.06.2026;17:00:00;3;3;20.4;0.04;0.01;20.54;0.49;22.1;53.1;45.5;0.86;0.259;147;2
02.06.2026;17:00:00;4;4;19.9;0.05;0.06;20.54;0.41;22.6;44.9;36.2;0.81;0.217;111;5
02.06.2026;17:15:00;1;1;24.4;0.05;0.07;20.59;0.41;22.1;61.9;50.0;0.81;0.299;61;5
02.06.2026;17:15:00;2;2;25.1;0.02;0.08;20.73;0.52;23.0;62.2;52.7;0.85;0.304;89;11
02.06.2026;17:15:00;3;3;20.3;0.06;0.03;20.70;0.48;22.3;44.8;38.1;0.85;0.219;80;5
02.06.2026;17:15:00;4;4;19.8;0.05;0.09;20.57;0.47;22.6;48.6;39.0;0.80;0.235;49;8
02.06.2026;17:30:00;1;1;24.4;0.10;0.11;20.53;0.33;22.1;53.3;45.2;0.85;0.260;82;11
02.06.2026;17:30:00;2;2;25.1;0.03;0.12;20.52;0.35;22.1;65.6;53.2;0.81;0.318;62;3
02.06.2026;17:30:00;3;3;20.4;0.10;0.06;20.50;0.32;22.3;47.4;37.7;0.79;0.228;102;9
02.06.2026;17:30:00;4;4;19.8;0.06;0.11;20.58;0.46;22.4;44.8;35.5;0.79;0.216;74;10
02.06.2026;17:45:00;1;1;24.2;0.13;0.11;20.51;0.50;22.1;58.1;47.5;0.82;0.281;126;8
02.06.2026;17:45:00;2;2;25.1;0.07;0.14;20.62;0.52;22.4;61.9;51.3;0.83;0.301;53;3
02.06.2026;17:45:00;3;3;20.3;0.10;0.11;20.60;0.41;22.4;49.5;40.1;0.81;0.239;68;3
02.06.2026;17:45:00;4;4;19.8;0.08;0.17;20.62;0.32;22.3;50.4;39.9;0.79;0.243;114;3
02.06.2026;18:00:00;1;1;24.3;0.17;0.13;20.70;0.31;22.7;53.8;42.3;0.79;0.259;143;6
02.06.2026;18:00:00;2;2;25.1;0.10;0.19;20.53;0.43;22.3;60.3;51.0;0.85;0.294;143;2
02.06.2026;18:00:00;3;3;20.5;0.14;0.12;20.51;0.39;22.7;52.7;41.7;0.79;0.254;74;11
02.06.2026;18:00:00;4;4;19.9;0.13;0.18;20.64;0.33;22.7;42.7;35.9;0.84;0.208;125;4
02.06.2026;18:15:00;1;1;24.3;0.22;0.18;20.63;0.47;22.6;58.9;48.0;0.82;0.285;52;2
02.06.2026;18:15:00;2;2;25.0;0.15;0.22;20.61;0.35;22.7;61.1;51.8;0.85;0.298;96;10
02.06.2026;18:15:00;3;3;20.4;0.18;0.14;20.68;0.54;22.6;47.6;38.6;0.81;0.230;99;4
02.06.2026;18:15:00;4;4;19.8;0.13;0.18;20.68;0.40;22.4;48.6;38.5;0.79;0.234;54;10
02.06.2026;18:30:00;1;1;24.4;0.23;0.19;20.72;0.54;22.4;58.5;49.5;0.85;0.285;61;10
02.06.2026;18:30:00;2;2;25.1;0.16;0.26;20.74;0.47;22.7;61.3;47.9;0.78;0.295;121;10
02.06.2026;18:30:00;3;3;20.5;0.22;0.14;20.52;0.53;22.7;52.6;42.6;0.81;0.255;89;4
02.06.2026;18:30:00;4;4;19.8;0.17;0.23;20.61;0.31;22.7;43.2;36.5;0.84;0.211;104;4
02.06.2026;18:45:00;1;1;24.3;0.25;0.20;20.54;0.43;23.0;57.0;47.3;0.83;0.277;87;5
02.06.2026;18:45:00;2;2;25.1;0.17;0.31;20.74;0.34;22.2;52.9;42.9;0.81;0.256;84;6
02.06.2026;18:45:00;3;3;20.3;0.22;0.20;20.61;0.31;22.3;43.5;34.6;0.80;0.210;71;9
02.06.2026;18:45:00;4;4;19.9;0.19;0.24;20.73;0.51;22.2;49.3;41.5;0.84;0.240;156;6
02.06.2026;19:00:00;1;1;24.2;0.33;0.22;20.62;0.44;22.2;66.5;62.9;0.95;0.332;468;7
02.06.2026;19:00:00;2;2;25.2;0.22;0.52;20.68;0.52;22.9;65.8;63.1;0.96;0.329;264;31
02.06.2026;19:00:00;3;3;20.4;0.22;0.41;20.67;0.52;22.4;67.2;59.3;0.88;0.331;353;12
02.06.2026;19:00:00;4;4;19.9;0.23;0.39;20.68;0.47;22.4;53.5;48.3;0.90;0.264;378;25
02.06.2026;19:15:00;1;1;24.4;0.42;0.35;20.74;0.42;22.3;72.2;63.3;0.88;0.354;473;32
02.06.2026;19:15:00;2;2;25.1;0.26;0.60;20.73;0.54;22.6;81.9;72.1;0.88;0.403;158;16
02.06.2026;19:15:00;3;3;20.3;0.29;0.60;20.75;0.42;22.2;55.8;52.0;0.93;0.277;358;29
02.06.2026;19:15:00;4;4;19.8;0.26;0.42;20.68;0.42;22.2;58.4;55.7;0.95;0.292;421;20
02.06.2026;19:30:00;1;1;24.2;0.52;0.38;20.71;0.48;22.1;76.2;65.7;0.86;0.373;449;20
02.06.2026;19:30:00;2;2;25.1;0.39;0.76;20.57;0.54;22.0;77.1;67.5;0.87;0.379;377;22
02.06.2026;19:30:00;3;3;20.3;0.31;0.76;20.56;0.42;22.8;60.5;55.7;0.92;0.300;404;34
02.06.2026;19:30:00;4;4;19.9;0.31;0.65;20.56;0.36;22.7;60.6;55.3;0.91;0.300;225;29
02.06.2026;19:45:00;1;1;24.3;0.59;0.55;20.69;0.53;22.8;77.5;67.9;0.88;0.380;309;23
02.06.2026;19:45:00;2;2;25.1;0.54;0.90;20.66;0.34;22.0;76.1;70.7;0.93;0.378;530;24
02.06.2026;19:45:00;3;3;20.3;0.42;0.96;20.57;0.38;23.0;62.3;55.6;0.89;0.307;467;23
02.06.2026;19:45:00;4;4;19.7;0.37;0.89;20.59;0.41;22.6;58.5;51.2;0.88;0.287;274;22
