ID,NAME,DESCRIPTION,STARTFRAME,ENDFRAME,IDANIMALA,IDANIMALB,IDANIMALC,IDANIMALD,METADATA
1,Stop isolated,,1,272,1,,,,
43,Move isolated,,1,569,2,,,,
94,Rear isolated,,1,75,3,,,,
141,Stop isolated,,1,164,4,,,,
186,Social escape,,1,127,3,4,,,
95,Rear isolated,,111,504,3,,,,
187,Rear in contact,,200,395,3,2,,,
142,Stop isolated,,331,755,4,,,,
2,Center Zone,,368,856,1,,,,
281,Nest3,,431,742,4,1,2,,
188,Social escape,,458,640,3,1,,,
44,Rear at periphery,,638,758,2,,,,
96,Move high speed,,652,917,3,,,,
189,Move in contact,,723,770,2,4,,,
45,Rear isolated,,798,1011,2,,,,
190,Rear in contact,,798,910,1,2,,,
143,Rear at periphery,,855,1188,4,,,,
3,Move isolated,,888,904,1,,,,
191,Side by side Contact,,990,1081,2,4,,,
46,Rear in centerWindow,,1018,1106,2,,,,
4,Rear isolated,,1034,1425,1,,,,
97,Center Zone,,1056,1233,3,,,,
47,Periphery Zone,,1130,1369,2,,,,
192,Approach rear,,1152,1388,4,3,,,
144,Water Zone,,1205,1224,4,,,,
145,Stop isolated,,1330,1914,4,,,,
98,Move isolated,,1397,1444,3,,,,
48,Rear in centerWindow,,1405,1961,2,,,,
193,Social approach,,1430,1494,2,4,,,
5,Water Zone,,1469,1977,1,,,,
194,Group2,,1529,1750,2,1,,,
99,Rear in centerWindow,,1582,2177,3,,,,
195,Approach contact,,1868,2102,4,2,,,
288,Nest4,,1917,3026,4,3,2,1,
49,Water Zone,,1976,2414,2,,,,
146,Rear at periphery,,2011,2072,4,,,,
6,Rear in centerWindow,,2026,2312,1,,,,
196,Train2,,2180,2378,3,2,,,
147,Stop isolated,,2185,2517,4,,,,
100,Center Zone,,2356,2745,3,,,,
7,Rear in centerWindow,,2421,2757,1,,,,
197,Move in contact,,2462,2514,2,3,,,
50,Rear isolated,,2587,3046,2,,,,
284,Group4,,2600,3232,4,1,2,3,
198,FollowZone Isolated,,2611,2693,3,1,,,
148,Water Zone,,2618,3040,4,,,,
199,Social approach,,2760,2932,3,1,,,
278,Train3,,2793,3255,3,2,1,,
8,Stop isolated,,2807,3226,1,,,,
101,Water Zone,,2816,3242,3,,,,
200,Rear in contact,,2968,3150,3,4,,,
51,Rear isolated,,3157,3372,2,,,,
201,Oral-genital Contact,,3177,3343,2,1,,,
149,Center Zone,,3186,3203,4,,,,
9,Move high speed,,3324,3838,1,,,,
150,Move high speed,,3377,3544,4,,,,
102,Periphery Zone,,3407,3484,3,,,,
202,Contact,,3412,3592,4,3,,,
52,Periphery Zone,,3506,3860,2,,,,
103,Rear in centerWindow,,3548,3981,3,,,,
151,Move isolated,,3584,3972,4,,,,
203,FollowZone Isolated,,3640,3852,2,3,,,
53,Move high speed,,3874,4048,2,,,,
204,Contact,,3916,4111,1,3,,,
10,Move high speed,,3983,4480,1,,,,
152,Move isolated,,3993,4360,4,,,,
54,Periphery Zone,,4133,4269,2,,,,
104,Periphery Zone,,4134,4555,3,,,,
205,Approach contact,,4216,4335,2,3,,,
55,Rear isolated,,4347,4430,2,,,,
206,Group2,,4417,4645,3,1,,,
153,Move isolated,,4444,4738,4,,,,
11,Rear at periphery,,4544,5109,1,,,,
56,Periphery Zone,,4581,5028,2,,,,
105,Water Zone,,4581,5149,3,,,,
207,Side by side Contact,,4752,4855,3,2,,,
154,Move isolated,,4874,5096,4,,,,
208,Social escape,,4973,5204,2,4,,,
57,Move high speed,,5057,5471,2,,,,
155,Move high speed,,5104,5408,4,,,,
275,Group3,,5133,5303,2,3,1,,
282,Nest3,,5156,5727,2,1,4,,
12,Stop isolated,,5207,5499,1,,,,
209,"Side by side Contact, opposite way",,5264,5394,3,4,,,
106,Center Zone,,5324,5447,3,,,,
210,Get away,,5462,5637,3,2,,,
156,Stop isolated,,5523,5618,4,,,,
13,Rear in centerWindow,,5579,6012,1,,,,
107,Center Zone,,5587,5735,3,,,,
58,Rear in centerWindow,,5619,6045,2,,,,
157,Rear isolated,,5752,6091,4,,,,
211,FollowZone Isolated,,5756,5974,1,4,,,
108,Move isolated,,5854,6143,3,,,,
212,Side by side Contact,,5993,6150,4,2,,,
59,Center Zone,,6080,6137,2,,,,
14,Rear at periphery,,6148,6488,1,,,,
158,Rear at periphery,,6166,6539,4,,,,
213,Stop in contact,,6246,6307,4,3,,,
60,Stop isolated,,6266,6413,2,,,,
109,Stop isolated,,6299,6563,3,,,,
214,Train2,,6390,6487,2,1,,,
61,Rear in centerWindow,,6445,6730,2,,,,
283,Group4,,6455,7110,2,1,4,3,
15,Rear in centerWindow,,6517,6907,1,,,,
159,Move high speed,,6558,6573,4,,,,
110,Rear at periphery,,6570,6640,3,,,,
215,Social escape,,6572,6789,3,4,,,
160,Stop isolated,,6741,7264,4,,,,
111,Stop isolated,,6775,7356,3,,,,
62,Center Zone,,6838,7350,2,,,,
216,Contact,,6849,6865,3,1,,,
285,Train4,,6850,7093,4,2,1,3,
217,Side by side Contact,,6908,6985,3,4,,,
16,Move isolated,,6964,7477,1,,,,
218,Side by side Contact,,7002,7048,3,4,,,
219,Group2,,7070,7172,4,1,,,
220,Social approach,,7210,7241,1,4,,,
221,Move in contact,,7270,7391,4,2,,,
112,Rear at periphery,,7369,7869,3,,,,
161,Move isolated,,7429,7800,4,,,,
63,Periphery Zone,,7478,7682,2,,,,
222,FollowZone Isolated,,7505,7716,1,3,,,
17,Stop isolated,,7602,8159,1,,,,
64,Rear at periphery,,7718,7998,2,,,,
223,Rear in contact,,7828,8062,3,4,,,
162,Center Zone,,7970,8238,4,,,,
113,Rear isolated,,8039,8171,3,,,,
65,Rear in centerWindow,,8056,8147,2,,,,
224,FollowZone Isolated,,8155,8352,1,2,,,
114,Stop isolated,,8236,8500,3,,,,
18,Stop isolated,,8294,8660,1,,,,
163,Move high speed,,8295,8402,4,,,,
66,Move high speed,,8309,8606,2,,,,
225,Stop in contact,,8443,8635,4,3,,,
164,Rear isolated,,8470,8774,4,,,,
115,Stop isolated,,8547,8691,3,,,,
226,Rear in contact,,8683,8753,3,4,,,
19,Stop isolated,,8734,8887,1,,,,
116,Rear at periphery,,8755,9107,3,,,,
67,Water Zone,,8768,8841,2,,,,
227,Train2,,8800,8933,2,3,,,
165,Rear isolated,,8810,9168,4,,,,
68,Rear at periphery,,8929,9225,2,,,,
228,FollowZone Isolated,,8958,9037,1,4,,,
20,Move high speed,,8982,9227,1,,,,
229,Move in contact,,9142,9168,1,2,,,
230,Social approach,,9188,9262,3,4,,,
166,Water Zone,,9202,9522,4,,,,
69,Move isolated,,9239,9811,2,,,,
21,Stop isolated,,9242,9391,1,,,,
117,Center Zone,,9266,9455,3,,,,
231,Train2,,9352,9520,2,3,,,
22,Rear in centerWindow,,9539,9649,1,,,,
167,Rear isolated,,9565,10109,4,,,,
118,Rear isolated,,9595,9629,3,,,,
232,Rear in contact,,9604,9798,1,2,,,
119,Water Zone,,9660,9848,3,,,,
23,Move high speed,,9729,10175,1,,,,
286,Train4,,9810,10478,2,3,1,4,
233,Approach contact,,9888,10029,1,3,,,
70,Rear in centerWindow,,9968,10079,2,,,,
120,Move isolated,,9979,10530,3,,,,
234,Social approach,,10091,10186,3,1,,,
168,Stop isolated,,10223,10754,4,,,,
71,Move high speed,,10253,10587,2,,,,
24,Move high speed,,10255,10693,1,,,,
235,Side by side Contact,,10277,10484,3,1,,,
236,Train2,,10527,10606,1,2,,,
72,Rear at periphery,,10654,10754,2,,,,
237,Stop in contact,,10656,10791,2,4,,,
121,Rear in centerWindow,,10658,10892,3,,,,
274,Group3,,10740,11603,2,4,3,,
25,Periphery Zone,,10788,11266,1,,,,
238,Oral-genital Contact,,10832,10943,4,1,,,
73,Move isolated,,10847,10949,2,,,,
169,Center Zone,,10848,11251,4,,,,
239,Social approach,,10962,11201,4,1,,,
122,Center Zone,,11022,11309,3,,,,
74,Water Zone,,11084,11172,2,,,,
75,Stop isolated,,11295,11711,2,,,,
240,Train2,,11316,11463,2,1,,,
123,Rear isolated,,11384,11733,3,,,,
26,Move high speed,,11412,11688,1,,,,
170,Periphery Zone,,11424,11630,4,,,,
241,Group2,,11516,11674,2,3,,,
27,Rear isolated,,11703,11727,1,,,,
76,Rear in centerWindow,,11743,12153,2,,,,
242,Get away,,11785,11873,1,2,,,
171,Water Zone,,11804,12248,4,,,,
28,Stop isolated,,11807,12338,1,,,,
124,Periphery Zone,,11864,12100,3,,,,
243,Rear in contact,,11915,12080,4,1,,,
244,Social escape,,12144,12373,3,2,,,
287,Nest4,,12156,13424,3,2,1,4,
125,Rear at periphery,,12235,12269,3,,,,
172,Stop isolated,,12265,12609,4,,,,
77,Rear at periphery,,12280,12395,2,,,,
126,Stop isolated,,12360,12555,3,,,,
29,Move high speed,,12388,12456,1,,,,
245,Group2,,12399,12470,2,1,,,
78,Center Zone,,12473,12752,2,,,,
30,Stop isolated,,12477,12578,1,,,,
246,Social approach,,12580,12712,2,3,,,
173,Center Zone,,12620,13109,4,,,,
127,Water Zone,,12692,12932,3,,,,
31,Rear isolated,,12733,13171,1,,,,
247,Rear in contact,,12808,12844,2,4,,,
248,Approach contact,,12874,13099,2,3,,,
79,Periphery Zone,,12892,13318,2,,,,
128,Move high speed,,12973,13408,3,,,,
32,Periphery Zone,,13188,13392,1,,,,
174,Stop isolated,,13207,13800,4,,,,
249,Approach contact,,13208,13271,2,3,,,
250,Train2,,13386,13497,4,2,,,
80,Rear at periphery,,13395,13773,2,,,,
33,Move high speed,,13417,13831,1,,,,
251,Move in contact,,13568,13646,3,2,,,
129,Rear isolated,,13579,13647,3,,,,
130,Center Zone,,13669,14144,3,,,,
279,Train3,,13682,14516,3,1,4,,
252,FollowZone Isolated,,13751,13915,3,2,,,
34,Center Zone,,13902,14256,1,,,,
175,Move high speed,,13921,14028,4,,,,
81,Stop isolated,,13932,14121,2,,,,
253,Approach rear,,14025,14095,3,4,,,
82,Rear at periphery,,14148,14216,2,,,,
254,Social escape,,14182,14254,4,2,,,
176,Stop isolated,,14189,14225,4,,,,
131,Rear at periphery,,14227,14584,3,,,,
83,Water Zone,,14331,14517,2,,,,
255,Move in contact,,14340,14464,2,1,,,
177,Stop isolated,,14360,14551,4,,,,
276,Group3,,14380,14856,3,4,2,,
35,Move isolated,,14417,14899,1,,,,
84,Move high speed,,14553,14808,2,,,,
256,Move in contact,,14574,14588,3,1,,,
178,Rear in centerWindow,,14673,15007,4,,,,
280,Nest3,,14688,15156,2,3,4,,
257,Oral-oral Contact,,14704,14733,1,3,,,
132,Center Zone,,14729,14767,3,,,,
258,Group2,,14822,14955,4,3,,,
133,Water Zone,,14825,15188,3,,,,
85,Rear isolated,,14852,14973,2,,,,
36,Periphery Zone,,14973,15267,1,,,,
86,Water Zone,,15037,15515,2,,,,
259,Contact,,15072,15195,4,2,,,
179,Rear isolated,,15173,15734,4,,,,
134,Stop isolated,,15277,15338,3,,,,
260,Oral-oral Contact,,15311,15539,3,2,,,
135,Water Zone,,15388,15716,3,,,,
37,Periphery Zone,,15394,15772,1,,,,
277,Train3,,15524,16151,2,4,1,,
87,Rear isolated,,15553,15970,2,,,,
261,Group2,,15645,15756,3,2,,,
180,Move isolated,,15748,15958,4,,,,
136,Center Zone,,15838,16371,3,,,,
38,Move isolated,,15851,16256,1,,,,
262,Side by side Contact,,15869,16057,3,1,,,
181,Move high speed,,16000,16530,4,,,,
88,Center Zone,,16025,16395,2,,,,
263,Group2,,16126,16286,3,2,,,
39,Center Zone,,16317,16493,1,,,,
264,Get away,,16322,16352,2,1,,,
265,Approach rear,,16386,16532,1,4,,,
89,Rear in centerWindow,,16424,16698,2,,,,
40,Move isolated,,16529,17103,1,,,,
137,Rear at periphery,,16542,16849,3,,,,
266,Train2,,16568,16612,1,3,,,
267,Oral-genital Contact,,16645,16787,3,4,,,
182,Periphery Zone,,16662,17081,4,,,,
90,Rear in centerWindow,,16808,16921,2,,,,
268,Group2,,16859,17027,3,4,,,
138,Rear isolated,,16998,17195,3,,,,
91,Rear isolated,,17050,17331,2,,,,
269,Side by side Contact,,17112,17336,4,2,,,
183,Move isolated,,17153,17324,4,,,,
41,Rear in centerWindow,,17189,17522,1,,,,
92,Rear at periphery,,17339,17782,2,,,,
139,Water Zone,,17367,17591,3,,,,
270,Social approach,,17409,17475,1,3,,,
184,Rear at periphery,,17494,17920,4,,,,
271,Group2,,17582,17778,2,4,,,
42,Stop isolated,,17594,18000,1,,,,
140,Rear isolated,,17706,18000,3,,,,
272,Move in contact,,17828,17839,2,1,,,
273,Oral-genital Contact,,17890,18000,2,3,,,
93,Move high speed,,17945,18000,2,,,,
185,Rear in centerWindow,,17956,18000,4,,,,
